"","Fmla","RMSE","r2","Nodes"
"1","Pump.Flow.Based.PAA.Dose + N..Eff..TSS.Conc. + Temp..of.NSEC.Main.Ch.",0.32378915538427,0.396069529125795,"2,1"
"2","Pump.Flow.Based.PAA.Dose + N..Eff..TSS.Conc. + Temp..of.the.Atmos.",0.629097834808108,0.155067766967724,"2,1"
"3","Pump.Flow.Based.PAA.Dose + N..Eff..TSS.Conc. + Secondary.Effluent.Flow",0.0652692260537535,0.844573651578258,"2,1"
"4","Pump.Flow.Based.PAA.Dose + N..Eff..TSS.Conc. + N..Basin.Outfall",0.0501512329575023,0.845895752497953,"2,1"
"5","Pump.Flow.Based.PAA.Dose + N..Eff..TSS.Conc. + CODto..mg.L.",0.754241128764294,0.193417460440209,"2,1"
"6","Pump.Flow.Based.PAA.Dose + N..Eff..TSS.Conc. + TSS..mg.L.",0.701942210694033,0.176493249560283,"2,1"
"7","Pump.Flow.Based.PAA.Dose + N..Eff..TSS.Conc. + UVT....",0.777609722611102,0.187981812095283,"2,1"
"8","Pump.Flow.Based.PAA.Dose + N..Eff..TSS.Conc. + CODds..mg.L.",0.346236977358701,0.337901319161589,"2,1"
"9","Pump.Flow.Based.PAA.Dose + N..Eff..TSS.Conc. + SACto..1.m.",0.642222727035851,0.303563924722611,"2,1"
"10","Pump.Flow.Based.PAA.Dose + N..Eff..TSS.Conc. + NSEC.Aerobic.SRT",0.60523388326555,0.15676433430786,"2,1"
"11","Pump.Flow.Based.PAA.Dose + N..Eff..TSS.Conc. + NSEC.Effluent.NH3",0.506481442025846,0.137794062233604,"2,1"
"12","Pump.Flow.Based.PAA.Dose + N..Eff..TSS.Conc. + NSEC.Effluent.NO3",0.43034642660038,0.341041391475632,"2,1"
"13","Pump.Flow.Based.PAA.Dose + N..Eff..TSS.Conc. + NSEC.Effluent.OP",0.684035079484307,0.356253178385955,"2,1"
"14","Pump.Flow.Based.PAA.Dose + N..Eff..TSS.Conc. + NSEC.Effluent.TSS",0.597944458607196,0.155406869307727,"2,1"
"15","Pump.Flow.Based.PAA.Dose + N..Eff..TSS.Conc. + NSEC.Effluent.NO5",0.388643088934306,0.341688758609281,"2,1"
"16","Pump.Flow.Based.PAA.Dose + N..Eff..TSS.Conc. + NSEC.Effluent.Flow",0.0710666735405389,0.774638322671244,"2,1"
"17","Pump.Flow.Based.PAA.Dose + Temp..of.NSEC.Main.Ch. + Temp..of.the.Atmos.",0.737748637534784,0.178682930216091,"2,1"
"18","Pump.Flow.Based.PAA.Dose + Temp..of.NSEC.Main.Ch. + Secondary.Effluent.Flow",0.134259123433066,0.841790920401454,"2,1"
"19","Pump.Flow.Based.PAA.Dose + Temp..of.NSEC.Main.Ch. + N..Basin.Outfall",0.0964748185937747,0.841896078793506,"2,1"
"20","Pump.Flow.Based.PAA.Dose + Temp..of.NSEC.Main.Ch. + CODto..mg.L.",0.771969093550782,0.193943042444361,"2,1"
"21","Pump.Flow.Based.PAA.Dose + Temp..of.NSEC.Main.Ch. + TSS..mg.L.",0.370404705433657,0.34420065998991,"2,1"
"22","Pump.Flow.Based.PAA.Dose + Temp..of.NSEC.Main.Ch. + UVT....",0.43740261678559,0.405997986492248,"2,1"
"23","Pump.Flow.Based.PAA.Dose + Temp..of.NSEC.Main.Ch. + CODds..mg.L.",0.662881395816496,0.188863428249005,"2,1"
"24","Pump.Flow.Based.PAA.Dose + Temp..of.NSEC.Main.Ch. + SACto..1.m.",0.771207951372541,0.218045454196696,"2,1"
"25","Pump.Flow.Based.PAA.Dose + Temp..of.NSEC.Main.Ch. + NSEC.Aerobic.SRT",0.212206008094054,0.323665092376313,"2,1"
"26","Pump.Flow.Based.PAA.Dose + Temp..of.NSEC.Main.Ch. + NSEC.Effluent.NH3",0.354848740368481,0.404644249625608,"2,1"
"27","Pump.Flow.Based.PAA.Dose + Temp..of.NSEC.Main.Ch. + NSEC.Effluent.NO3",0.595815174411289,0.339423181150371,"2,1"
"28","Pump.Flow.Based.PAA.Dose + Temp..of.NSEC.Main.Ch. + NSEC.Effluent.OP",0.384871142633655,0.4794154166202,"2,1"
"29","Pump.Flow.Based.PAA.Dose + Temp..of.NSEC.Main.Ch. + NSEC.Effluent.TSS",0.506894463303736,0.00381086019481817,"2,1"
"30","Pump.Flow.Based.PAA.Dose + Temp..of.NSEC.Main.Ch. + NSEC.Effluent.NO5",0.463904633261594,0.306375606917511,"2,1"
"31","Pump.Flow.Based.PAA.Dose + Temp..of.NSEC.Main.Ch. + NSEC.Effluent.Flow",0.0829219038282478,0.748763640539713,"2,1"
"32","Pump.Flow.Based.PAA.Dose + Temp..of.the.Atmos. + Secondary.Effluent.Flow",0.112161252665504,0.849839994956174,"2,1"
"33","Pump.Flow.Based.PAA.Dose + Temp..of.the.Atmos. + N..Basin.Outfall",0.0839419763235907,0.846572254834027,"2,1"
"34","Pump.Flow.Based.PAA.Dose + Temp..of.the.Atmos. + CODto..mg.L.",0.701470808725059,0.167382971859798,"2,1"
"35","Pump.Flow.Based.PAA.Dose + Temp..of.the.Atmos. + TSS..mg.L.",0.768588933969433,0.185526149521957,"2,1"
"36","Pump.Flow.Based.PAA.Dose + Temp..of.the.Atmos. + UVT....",0.507562535926396,0.269051868216348,"2,1"
"37","Pump.Flow.Based.PAA.Dose + Temp..of.the.Atmos. + CODds..mg.L.",0.652086814845741,0.178133668042891,"2,1"
"38","Pump.Flow.Based.PAA.Dose + Temp..of.the.Atmos. + SACto..1.m.",0.478121461508198,0.335952930751441,"2,1"
"39","Pump.Flow.Based.PAA.Dose + Temp..of.the.Atmos. + NSEC.Aerobic.SRT",0.579399195684613,0.254856401708234,"2,1"
"40","Pump.Flow.Based.PAA.Dose + Temp..of.the.Atmos. + NSEC.Effluent.NH3",0.545398693002897,0.276680465603234,"2,1"
"41","Pump.Flow.Based.PAA.Dose + Temp..of.the.Atmos. + NSEC.Effluent.NO3",0.57769034973518,0.329900620433464,"2,1"
"42","Pump.Flow.Based.PAA.Dose + Temp..of.the.Atmos. + NSEC.Effluent.OP",0.505604354547662,0.343338925280856,"2,1"
"43","Pump.Flow.Based.PAA.Dose + Temp..of.the.Atmos. + NSEC.Effluent.TSS",0.61409542733278,0.156954995138302,"2,1"
"44","Pump.Flow.Based.PAA.Dose + Temp..of.the.Atmos. + NSEC.Effluent.NO5",0.382846756698714,0.330553514600727,"2,1"
"45","Pump.Flow.Based.PAA.Dose + Temp..of.the.Atmos. + NSEC.Effluent.Flow",0.199935841344597,0.776612735937916,"2,1"
"46","Pump.Flow.Based.PAA.Dose + Secondary.Effluent.Flow + N..Basin.Outfall",0.0786654846644834,0.836059566121012,"2,1"
"47","Pump.Flow.Based.PAA.Dose + Secondary.Effluent.Flow + CODto..mg.L.",0.0944889169472796,0.843007305690776,"2,1"
"48","Pump.Flow.Based.PAA.Dose + Secondary.Effluent.Flow + TSS..mg.L.",0.0649001432567141,0.85000785798111,"2,1"
"49","Pump.Flow.Based.PAA.Dose + Secondary.Effluent.Flow + UVT....",0.154544416441992,0.85002344199055,"2,1"
"50","Pump.Flow.Based.PAA.Dose + Secondary.Effluent.Flow + CODds..mg.L.",0.0827303568072198,0.840641760315753,"2,1"
"51","Pump.Flow.Based.PAA.Dose + Secondary.Effluent.Flow + SACto..1.m.",0.107892090890056,0.85000846845525,"2,1"
"52","Pump.Flow.Based.PAA.Dose + Secondary.Effluent.Flow + NSEC.Aerobic.SRT",0.0331745093867606,0.844812221540597,"2,1"
"53","Pump.Flow.Based.PAA.Dose + Secondary.Effluent.Flow + NSEC.Effluent.NH3",0.0545225096132221,0.844267823166103,"2,1"
"54","Pump.Flow.Based.PAA.Dose + Secondary.Effluent.Flow + NSEC.Effluent.NO3",0.0859990427047223,0.838673335607276,"2,1"
"55","Pump.Flow.Based.PAA.Dose + Secondary.Effluent.Flow + NSEC.Effluent.OP",0.0813228805137982,0.844412924663154,"2,1"
"56","Pump.Flow.Based.PAA.Dose + Secondary.Effluent.Flow + NSEC.Effluent.TSS",0.0918893208574627,0.844914115896615,"2,1"
"57","Pump.Flow.Based.PAA.Dose + Secondary.Effluent.Flow + NSEC.Effluent.NO5",0.130094971765167,0.791088422342866,"2,1"
"58","Pump.Flow.Based.PAA.Dose + Secondary.Effluent.Flow + NSEC.Effluent.Flow",0.0933796826500692,0.836889446744821,"2,1"
"59","Pump.Flow.Based.PAA.Dose + N..Basin.Outfall + CODto..mg.L.",0.0836894463498243,0.850418804311487,"2,1"
"60","Pump.Flow.Based.PAA.Dose + N..Basin.Outfall + TSS..mg.L.",0.100530466719378,0.84662451669955,"2,1"
"61","Pump.Flow.Based.PAA.Dose + N..Basin.Outfall + UVT....",0.14413596867073,0.841606876275266,"2,1"
"62","Pump.Flow.Based.PAA.Dose + N..Basin.Outfall + CODds..mg.L.",0.0716694716558633,0.836555066005879,"2,1"
"63","Pump.Flow.Based.PAA.Dose + N..Basin.Outfall + SACto..1.m.",0.0805386160448147,0.844380187894296,"2,1"
"64","Pump.Flow.Based.PAA.Dose + N..Basin.Outfall + NSEC.Aerobic.SRT",0.0675529310839293,0.84104183607569,"2,1"
"65","Pump.Flow.Based.PAA.Dose + N..Basin.Outfall + NSEC.Effluent.NH3",0.061959096005229,0.843572209207392,"2,1"
"66","Pump.Flow.Based.PAA.Dose + N..Basin.Outfall + NSEC.Effluent.NO3",0.0722240511926148,0.841551206139563,"2,1"
"67","Pump.Flow.Based.PAA.Dose + N..Basin.Outfall + NSEC.Effluent.OP",0.0878583203314277,0.828647669561064,"2,1"
"68","Pump.Flow.Based.PAA.Dose + N..Basin.Outfall + NSEC.Effluent.TSS",0.0515540708642492,0.845502152294941,"2,1"
"69","Pump.Flow.Based.PAA.Dose + N..Basin.Outfall + NSEC.Effluent.NO5",0.0722213291293055,0.840272470552034,"2,1"
"70","Pump.Flow.Based.PAA.Dose + N..Basin.Outfall + NSEC.Effluent.Flow",0.105212068387462,0.833710667785542,"2,1"
"71","Pump.Flow.Based.PAA.Dose + CODto..mg.L. + TSS..mg.L.",0.50675126871343,0.0346801995636588,"2,1"
"72","Pump.Flow.Based.PAA.Dose + CODto..mg.L. + UVT....",0.656318897706033,0.16003460625331,"2,1"
"73","Pump.Flow.Based.PAA.Dose + CODto..mg.L. + CODds..mg.L.",0.678192498236013,0.2275092756556,"2,1"
"74","Pump.Flow.Based.PAA.Dose + CODto..mg.L. + SACto..1.m.",0.631381155413658,0.228460232478904,"2,1"
"75","Pump.Flow.Based.PAA.Dose + CODto..mg.L. + NSEC.Aerobic.SRT",0.601761186969356,0.27159573466497,"2,1"
"76","Pump.Flow.Based.PAA.Dose + CODto..mg.L. + NSEC.Effluent.NH3",0.757757435844785,0.33979048304283,"2,1"
"77","Pump.Flow.Based.PAA.Dose + CODto..mg.L. + NSEC.Effluent.NO3",0.563003173279428,0.444454311492052,"2,1"
"78","Pump.Flow.Based.PAA.Dose + CODto..mg.L. + NSEC.Effluent.OP",0.832457941029694,0.433631662802158,"2,1"
"79","Pump.Flow.Based.PAA.Dose + CODto..mg.L. + NSEC.Effluent.TSS",0.623428618498912,0.298686301782995,"2,1"
"80","Pump.Flow.Based.PAA.Dose + CODto..mg.L. + NSEC.Effluent.NO5",0.500734329178933,0.288649109547672,"2,1"
"81","Pump.Flow.Based.PAA.Dose + CODto..mg.L. + NSEC.Effluent.Flow",0.157363282507707,0.765798921533312,"2,1"
"82","Pump.Flow.Based.PAA.Dose + TSS..mg.L. + UVT....",0.604251982448272,0.160694162289604,"2,1"
"83","Pump.Flow.Based.PAA.Dose + TSS..mg.L. + CODds..mg.L.",0.675691250682176,0.175695770946921,"2,1"
"84","Pump.Flow.Based.PAA.Dose + TSS..mg.L. + SACto..1.m.",0.781233488843546,0.217244214628991,"2,1"
"85","Pump.Flow.Based.PAA.Dose + TSS..mg.L. + NSEC.Aerobic.SRT",0.746833381717881,0.233223841801,"2,1"
"86","Pump.Flow.Based.PAA.Dose + TSS..mg.L. + NSEC.Effluent.NH3",0.709669451437968,0.243714364512471,"2,1"
"87","Pump.Flow.Based.PAA.Dose + TSS..mg.L. + NSEC.Effluent.NO3",0.485883068230593,0.316148581196955,"2,1"
"88","Pump.Flow.Based.PAA.Dose + TSS..mg.L. + NSEC.Effluent.OP",0.727387616860042,0.35947377436752,"2,1"
"89","Pump.Flow.Based.PAA.Dose + TSS..mg.L. + NSEC.Effluent.TSS",0.663009018753971,0.289845915859965,"2,1"
"90","Pump.Flow.Based.PAA.Dose + TSS..mg.L. + NSEC.Effluent.NO5",0.543042610760349,0.321747304900676,"2,1"
"91","Pump.Flow.Based.PAA.Dose + TSS..mg.L. + NSEC.Effluent.Flow",0.223826362481133,0.743075369897906,"2,1"
"92","Pump.Flow.Based.PAA.Dose + UVT.... + CODds..mg.L.",0.50714670425651,0.0676235032590758,"2,1"
"93","Pump.Flow.Based.PAA.Dose + UVT.... + SACto..1.m.",0.510288854639826,0.259709453413961,"2,1"
"94","Pump.Flow.Based.PAA.Dose + UVT.... + NSEC.Aerobic.SRT",0.794067096997073,0.290446316085409,"2,1"
"95","Pump.Flow.Based.PAA.Dose + UVT.... + NSEC.Effluent.NH3",0.763079582981564,0.282982135941961,"2,1"
"96","Pump.Flow.Based.PAA.Dose + UVT.... + NSEC.Effluent.NO3",0.553777940672476,0.331108939638289,"2,1"
"97","Pump.Flow.Based.PAA.Dose + UVT.... + NSEC.Effluent.OP",0.544219339127259,0.346925227946498,"2,1"
"98","Pump.Flow.Based.PAA.Dose + UVT.... + NSEC.Effluent.TSS",0.504155970237072,0.27640122278524,"2,1"
"99","Pump.Flow.Based.PAA.Dose + UVT.... + NSEC.Effluent.NO5",0.402239945642083,0.333453944790443,"2,1"
"100","Pump.Flow.Based.PAA.Dose + UVT.... + NSEC.Effluent.Flow",0.193475486871806,0.76285924759818,"2,1"
"101","Pump.Flow.Based.PAA.Dose + CODds..mg.L. + SACto..1.m.",0.687429938222243,0.186121042972006,"2,1"
"102","Pump.Flow.Based.PAA.Dose + CODds..mg.L. + NSEC.Aerobic.SRT",0.613162942879681,0.183293716212746,"2,1"
"103","Pump.Flow.Based.PAA.Dose + CODds..mg.L. + NSEC.Effluent.NH3",0.64453914302243,0.266700623666219,"2,1"
"104","Pump.Flow.Based.PAA.Dose + CODds..mg.L. + NSEC.Effluent.NO3",0.480621069463602,0.343396389245868,"2,1"
"105","Pump.Flow.Based.PAA.Dose + CODds..mg.L. + NSEC.Effluent.OP",0.681099152583559,0.355016273004625,"2,1"
"106","Pump.Flow.Based.PAA.Dose + CODds..mg.L. + NSEC.Effluent.TSS",0.693024399370392,0.249802516265671,"2,1"
"107","Pump.Flow.Based.PAA.Dose + CODds..mg.L. + NSEC.Effluent.NO5",0.551715728981106,0.349101322253074,"2,1"
"108","Pump.Flow.Based.PAA.Dose + CODds..mg.L. + NSEC.Effluent.Flow",0.110890065351039,0.756974987990879,"2,1"
"109","Pump.Flow.Based.PAA.Dose + SACto..1.m. + NSEC.Aerobic.SRT",0.775513605653457,0.298110655112614,"2,1"
"110","Pump.Flow.Based.PAA.Dose + SACto..1.m. + NSEC.Effluent.NH3",0.79479844928525,0.307540746800714,"2,1"
"111","Pump.Flow.Based.PAA.Dose + SACto..1.m. + NSEC.Effluent.NO3",0.517449472867475,0.317716949505697,"2,1"
"112","Pump.Flow.Based.PAA.Dose + SACto..1.m. + NSEC.Effluent.OP",0.510510219890054,0.0326961044329906,"2,1"
"113","Pump.Flow.Based.PAA.Dose + SACto..1.m. + NSEC.Effluent.TSS",0.749400536106317,0.200496505198002,"2,1"
"114","Pump.Flow.Based.PAA.Dose + SACto..1.m. + NSEC.Effluent.NO5",0.632951346592934,0.38795425554189,"2,1"
"115","Pump.Flow.Based.PAA.Dose + SACto..1.m. + NSEC.Effluent.Flow",0.18857550064996,0.749022106333316,"2,1"
"116","Pump.Flow.Based.PAA.Dose + NSEC.Aerobic.SRT + NSEC.Effluent.NH3",0.744922385922935,0.280998358720959,"2,1"
"117","Pump.Flow.Based.PAA.Dose + NSEC.Aerobic.SRT + NSEC.Effluent.NO3",0.364801611793835,0.380473597032242,"2,1"
"118","Pump.Flow.Based.PAA.Dose + NSEC.Aerobic.SRT + NSEC.Effluent.OP",0.771571230671296,0.415561522776863,"2,1"
"119","Pump.Flow.Based.PAA.Dose + NSEC.Aerobic.SRT + NSEC.Effluent.TSS",0.564060360245021,0.225437272860993,"2,1"
"120","Pump.Flow.Based.PAA.Dose + NSEC.Aerobic.SRT + NSEC.Effluent.NO5",0.520941951315817,0.347385501692973,"2,1"
"121","Pump.Flow.Based.PAA.Dose + NSEC.Aerobic.SRT + NSEC.Effluent.Flow",0.110861632568269,0.758227318214409,"2,1"
"122","Pump.Flow.Based.PAA.Dose + NSEC.Effluent.NH3 + NSEC.Effluent.NO3",0.506340673994031,0.0884532162528389,"2,1"
"123","Pump.Flow.Based.PAA.Dose + NSEC.Effluent.NH3 + NSEC.Effluent.OP",0.621951392664846,0.480886550393873,"2,1"
"124","Pump.Flow.Based.PAA.Dose + NSEC.Effluent.NH3 + NSEC.Effluent.TSS",0.580912307769748,0.214778900536214,"2,1"
"125","Pump.Flow.Based.PAA.Dose + NSEC.Effluent.NH3 + NSEC.Effluent.NO5",0.519754181708184,0.339788916006369,"2,1"
"126","Pump.Flow.Based.PAA.Dose + NSEC.Effluent.NH3 + NSEC.Effluent.Flow",0.109354161978432,0.762657802447955,"2,1"
"127","Pump.Flow.Based.PAA.Dose + NSEC.Effluent.NO3 + NSEC.Effluent.OP",0.555231784982558,0.463154144806925,"2,1"
"128","Pump.Flow.Based.PAA.Dose + NSEC.Effluent.NO3 + NSEC.Effluent.TSS",0.411586046347234,0.358684616655561,"2,1"
"129","Pump.Flow.Based.PAA.Dose + NSEC.Effluent.NO3 + NSEC.Effluent.NO5",0.420248895585475,0.334346889774961,"2,1"
"130","Pump.Flow.Based.PAA.Dose + NSEC.Effluent.NO3 + NSEC.Effluent.Flow",0.0964290070626771,0.795981994647966,"2,1"
"131","Pump.Flow.Based.PAA.Dose + NSEC.Effluent.OP + NSEC.Effluent.TSS",0.70573442023808,0.397727933627383,"2,1"
"132","Pump.Flow.Based.PAA.Dose + NSEC.Effluent.OP + NSEC.Effluent.NO5",0.546378941728208,0.443326335307551,"2,1"
"133","Pump.Flow.Based.PAA.Dose + NSEC.Effluent.OP + NSEC.Effluent.Flow",0.0845863215820664,0.790760653318419,"2,1"
"134","Pump.Flow.Based.PAA.Dose + NSEC.Effluent.TSS + NSEC.Effluent.NO5",0.481540825038743,0.299988879300527,"2,1"
"135","Pump.Flow.Based.PAA.Dose + NSEC.Effluent.TSS + NSEC.Effluent.Flow",0.088535652191209,0.773018885585666,"2,1"
"136","Pump.Flow.Based.PAA.Dose + NSEC.Effluent.NO5 + NSEC.Effluent.Flow",0.0877399309298705,0.817096916327505,"2,1"
"137","N..Eff..TSS.Conc. + Temp..of.NSEC.Main.Ch. + Temp..of.the.Atmos.",0.318864724825641,0.368501069362488,"2,1"
"138","N..Eff..TSS.Conc. + Temp..of.NSEC.Main.Ch. + Secondary.Effluent.Flow",0.286799146624139,0.615870578980262,"2,1"
"139","N..Eff..TSS.Conc. + Temp..of.NSEC.Main.Ch. + N..Basin.Outfall",0.226179475407062,0.703539618802588,"2,1"
"140","N..Eff..TSS.Conc. + Temp..of.NSEC.Main.Ch. + CODto..mg.L.",0.529819913971581,0.116830241156196,"2,1"
"141","N..Eff..TSS.Conc. + Temp..of.NSEC.Main.Ch. + TSS..mg.L.",0.506312050500558,0.00045271801679393,"2,1"
"142","N..Eff..TSS.Conc. + Temp..of.NSEC.Main.Ch. + UVT....",0.711636103095702,0.223163932247158,"2,1"
"143","N..Eff..TSS.Conc. + Temp..of.NSEC.Main.Ch. + CODds..mg.L.",0.504470577800182,0.0528387513744135,"2,1"
"144","N..Eff..TSS.Conc. + Temp..of.NSEC.Main.Ch. + SACto..1.m.",0.381820053878218,0.226954128896223,"2,1"
"145","N..Eff..TSS.Conc. + Temp..of.NSEC.Main.Ch. + NSEC.Aerobic.SRT",0.513216357057457,0.00234489718823441,"2,1"
"146","N..Eff..TSS.Conc. + Temp..of.NSEC.Main.Ch. + NSEC.Effluent.NH3",0.0084997754654767,0.235669742689595,"2,1"
"147","N..Eff..TSS.Conc. + Temp..of.NSEC.Main.Ch. + NSEC.Effluent.NO3",0.446559101727832,0.246272701777482,"2,1"
"148","N..Eff..TSS.Conc. + Temp..of.NSEC.Main.Ch. + NSEC.Effluent.OP",0.506187450932163,9.74189318591122e-05,"2,1"
"149","N..Eff..TSS.Conc. + Temp..of.NSEC.Main.Ch. + NSEC.Effluent.TSS",0.50670990904822,0.0334112900359591,"2,1"
"150","N..Eff..TSS.Conc. + Temp..of.NSEC.Main.Ch. + NSEC.Effluent.NO5",0.4994668217586,5.77813326441796e-05,"2,1"
"151","N..Eff..TSS.Conc. + Temp..of.NSEC.Main.Ch. + NSEC.Effluent.Flow",0.324316996032807,0.52492705291439,"2,1"
"152","N..Eff..TSS.Conc. + Temp..of.the.Atmos. + Secondary.Effluent.Flow",0.29404225055207,0.711651113833088,"2,1"
"153","N..Eff..TSS.Conc. + Temp..of.the.Atmos. + N..Basin.Outfall",0.232656807014533,0.726451518455338,"2,1"
"154","N..Eff..TSS.Conc. + Temp..of.the.Atmos. + CODto..mg.L.",0.504683255552937,0.163492736547838,"2,1"
"155","N..Eff..TSS.Conc. + Temp..of.the.Atmos. + TSS..mg.L.",0.461093367250067,0.409220694019219,"2,1"
"156","N..Eff..TSS.Conc. + Temp..of.the.Atmos. + UVT....",0.698278508014792,0.367836421985811,"2,1"
"157","N..Eff..TSS.Conc. + Temp..of.the.Atmos. + CODds..mg.L.",0.448917095403672,0.349288807201888,"2,1"
"158","N..Eff..TSS.Conc. + Temp..of.the.Atmos. + SACto..1.m.",0.507364635512831,0.0170572936974454,"2,1"
"159","N..Eff..TSS.Conc. + Temp..of.the.Atmos. + NSEC.Aerobic.SRT",0.489322087005885,0.000780040778735632,"2,1"
"160","N..Eff..TSS.Conc. + Temp..of.the.Atmos. + NSEC.Effluent.NH3",0.298247763514018,0.219023085968029,"2,1"
"161","N..Eff..TSS.Conc. + Temp..of.the.Atmos. + NSEC.Effluent.NO3",0.343951532697773,0.295667372543182,"2,1"
"162","N..Eff..TSS.Conc. + Temp..of.the.Atmos. + NSEC.Effluent.OP",0.505367521701919,8.72354503789661e-05,"2,1"
"163","N..Eff..TSS.Conc. + Temp..of.the.Atmos. + NSEC.Effluent.TSS",0.505147861078021,0.0134953438238618,"2,1"
"164","N..Eff..TSS.Conc. + Temp..of.the.Atmos. + NSEC.Effluent.NO5",0.344879432742032,0.218310715965864,"2,1"
"165","N..Eff..TSS.Conc. + Temp..of.the.Atmos. + NSEC.Effluent.Flow",0.147521522286943,0.490991359922164,"2,1"
"166","N..Eff..TSS.Conc. + Secondary.Effluent.Flow + N..Basin.Outfall",0.0681829148601936,0.559979578240042,"2,1"
"167","N..Eff..TSS.Conc. + Secondary.Effluent.Flow + CODto..mg.L.",0.0787195196611021,0.651357438277151,"2,1"
"168","N..Eff..TSS.Conc. + Secondary.Effluent.Flow + TSS..mg.L.",0.507014300661359,0.449666506392213,"2,1"
"169","N..Eff..TSS.Conc. + Secondary.Effluent.Flow + UVT....",0.313560649278072,0.699063165340617,"2,1"
"170","N..Eff..TSS.Conc. + Secondary.Effluent.Flow + CODds..mg.L.",0.0727904382907762,0.693040562307846,"2,1"
"171","N..Eff..TSS.Conc. + Secondary.Effluent.Flow + SACto..1.m.",0.13552069233547,0.650390765006683,"2,1"
"172","N..Eff..TSS.Conc. + Secondary.Effluent.Flow + NSEC.Aerobic.SRT",0.057289351746675,0.560223509852657,"2,1"
"173","N..Eff..TSS.Conc. + Secondary.Effluent.Flow + NSEC.Effluent.NH3",0.100333811565102,0.676807628575431,"2,1"
"174","N..Eff..TSS.Conc. + Secondary.Effluent.Flow + NSEC.Effluent.NO3",0.0546806941947522,0.562816097752215,"2,1"
"175","N..Eff..TSS.Conc. + Secondary.Effluent.Flow + NSEC.Effluent.OP",0.0839377197655892,0.55864024918959,"2,1"
"176","N..Eff..TSS.Conc. + Secondary.Effluent.Flow + NSEC.Effluent.TSS",0.0873164700911554,0.661641903628926,"2,1"
"177","N..Eff..TSS.Conc. + Secondary.Effluent.Flow + NSEC.Effluent.NO5",0.0652810468867902,0.556260592926853,"2,1"
"178","N..Eff..TSS.Conc. + Secondary.Effluent.Flow + NSEC.Effluent.Flow",0.146394233845703,0.689300056609164,"2,1"
"179","N..Eff..TSS.Conc. + N..Basin.Outfall + CODto..mg.L.",0.0958833696726398,0.638193395871067,"2,1"
"180","N..Eff..TSS.Conc. + N..Basin.Outfall + TSS..mg.L.",0.245089598694892,0.724966883522701,"2,1"
"181","N..Eff..TSS.Conc. + N..Basin.Outfall + UVT....",0.279593610726709,0.707045170678028,"2,1"
"182","N..Eff..TSS.Conc. + N..Basin.Outfall + CODds..mg.L.",0.077392580843934,0.565344974771374,"2,1"
"183","N..Eff..TSS.Conc. + N..Basin.Outfall + SACto..1.m.",0.216878157115025,0.727567119759628,"2,1"
"184","N..Eff..TSS.Conc. + N..Basin.Outfall + NSEC.Aerobic.SRT",0.24845006914216,0.657947807154231,"2,1"
"185","N..Eff..TSS.Conc. + N..Basin.Outfall + NSEC.Effluent.NH3",0.0259577587455684,0.562319344944529,"2,1"
"186","N..Eff..TSS.Conc. + N..Basin.Outfall + NSEC.Effluent.NO3",0.0812019561067238,0.68212860868181,"2,1"
"187","N..Eff..TSS.Conc. + N..Basin.Outfall + NSEC.Effluent.OP",0.0542788203726786,0.563120264022075,"2,1"
"188","N..Eff..TSS.Conc. + N..Basin.Outfall + NSEC.Effluent.TSS",0.0376099510063738,0.56059660400064,"2,1"
"189","N..Eff..TSS.Conc. + N..Basin.Outfall + NSEC.Effluent.NO5",0.0766895912140811,0.674595420002981,"2,1"
"190","N..Eff..TSS.Conc. + N..Basin.Outfall + NSEC.Effluent.Flow",0.10737775639193,0.703182021855598,"2,1"
"191","N..Eff..TSS.Conc. + CODto..mg.L. + TSS..mg.L.",0.501848932174055,0.00919480694025714,"2,1"
"192","N..Eff..TSS.Conc. + CODto..mg.L. + UVT....",0.860799078973075,0.230315895820141,"2,1"
"193","N..Eff..TSS.Conc. + CODto..mg.L. + CODds..mg.L.",0.751582072011662,0.148881088599708,"2,1"
"194","N..Eff..TSS.Conc. + CODto..mg.L. + SACto..1.m.",0.698943378916121,0.102744393460113,"2,1"
"195","N..Eff..TSS.Conc. + CODto..mg.L. + NSEC.Aerobic.SRT",0.468887064803856,0.256056189327513,"2,1"
"196","N..Eff..TSS.Conc. + CODto..mg.L. + NSEC.Effluent.NH3",0.67590262356557,0.120378390313178,"2,1"
"197","N..Eff..TSS.Conc. + CODto..mg.L. + NSEC.Effluent.NO3",0.549611142205081,0.20972359937136,"2,1"
"198","N..Eff..TSS.Conc. + CODto..mg.L. + NSEC.Effluent.OP",0.642730590331709,0.285095526911638,"2,1"
"199","N..Eff..TSS.Conc. + CODto..mg.L. + NSEC.Effluent.TSS",0.657088821038108,0.0864120977397816,"2,1"
"200","N..Eff..TSS.Conc. + CODto..mg.L. + NSEC.Effluent.NO5",0.450883007595129,0.271650850285252,"2,1"
"201","N..Eff..TSS.Conc. + CODto..mg.L. + NSEC.Effluent.Flow",0.475935665286719,0.58240902269527,"2,1"
"202","N..Eff..TSS.Conc. + TSS..mg.L. + UVT....",0.938733466873744,0.268129981787504,"2,1"
"203","N..Eff..TSS.Conc. + TSS..mg.L. + CODds..mg.L.",0.706613581121535,0.200187961382444,"2,1"
"204","N..Eff..TSS.Conc. + TSS..mg.L. + SACto..1.m.",0.507228884964334,0.0793287848258719,"2,1"
"205","N..Eff..TSS.Conc. + TSS..mg.L. + NSEC.Aerobic.SRT",0.603885552624968,0.121648230064397,"2,1"
"206","N..Eff..TSS.Conc. + TSS..mg.L. + NSEC.Effluent.NH3",0.580390595848121,0.0848796851283191,"2,1"
"207","N..Eff..TSS.Conc. + TSS..mg.L. + NSEC.Effluent.NO3",0.50661580828875,0.0981468326857223,"2,1"
"208","N..Eff..TSS.Conc. + TSS..mg.L. + NSEC.Effluent.OP",0.50697635575463,0.0284522682108198,"2,1"
"209","N..Eff..TSS.Conc. + TSS..mg.L. + NSEC.Effluent.TSS",0.568935406558327,0.0696278441181409,"2,1"
"210","N..Eff..TSS.Conc. + TSS..mg.L. + NSEC.Effluent.NO5",0.507539420222286,0.0493676781496777,"2,1"
"211","N..Eff..TSS.Conc. + TSS..mg.L. + NSEC.Effluent.Flow",0.179495470942179,0.536383692293093,"2,1"
"212","N..Eff..TSS.Conc. + UVT.... + CODds..mg.L.",0.599147143567992,0.151429274431875,"2,1"
"213","N..Eff..TSS.Conc. + UVT.... + SACto..1.m.",0.751107714190107,0.102511043358424,"2,1"
"214","N..Eff..TSS.Conc. + UVT.... + NSEC.Aerobic.SRT",0.457460964633387,0.283126658768748,"2,1"
"215","N..Eff..TSS.Conc. + UVT.... + NSEC.Effluent.NH3",0.790010038233154,0.155817635304283,"2,1"
"216","N..Eff..TSS.Conc. + UVT.... + NSEC.Effluent.NO3",0.619650817527447,0.266050512694529,"2,1"
"217","N..Eff..TSS.Conc. + UVT.... + NSEC.Effluent.OP",0.863430562154895,0.245243990483176,"2,1"
"218","N..Eff..TSS.Conc. + UVT.... + NSEC.Effluent.TSS",0.579726418419006,0.0581855204562749,"2,1"
"219","N..Eff..TSS.Conc. + UVT.... + NSEC.Effluent.NO5",0.505847183425814,0.0196526291726715,"2,1"
"220","N..Eff..TSS.Conc. + UVT.... + NSEC.Effluent.Flow",0.239740411876102,0.590495918776697,"2,1"
"221","N..Eff..TSS.Conc. + CODds..mg.L. + SACto..1.m.",0.657053891918764,0.253565035287852,"2,1"
"222","N..Eff..TSS.Conc. + CODds..mg.L. + NSEC.Aerobic.SRT",0.538635500958417,0.118180288451016,"2,1"
"223","N..Eff..TSS.Conc. + CODds..mg.L. + NSEC.Effluent.NH3",0.475441197587552,0.0688162619535464,"2,1"
"224","N..Eff..TSS.Conc. + CODds..mg.L. + NSEC.Effluent.NO3",0.359165272165999,0.307377002496688,"2,1"
"225","N..Eff..TSS.Conc. + CODds..mg.L. + NSEC.Effluent.OP",0.592298537130505,0.203367382362894,"2,1"
"226","N..Eff..TSS.Conc. + CODds..mg.L. + NSEC.Effluent.TSS",0.509327633818892,0.00456773799896631,"2,1"
"227","N..Eff..TSS.Conc. + CODds..mg.L. + NSEC.Effluent.NO5",0.410683956744216,0.0879705724092896,"2,1"
"228","N..Eff..TSS.Conc. + CODds..mg.L. + NSEC.Effluent.Flow",0.0896389846662173,0.475590624926776,"2,1"
"229","N..Eff..TSS.Conc. + SACto..1.m. + NSEC.Aerobic.SRT",0.553262086537848,0.0714828398468664,"2,1"
"230","N..Eff..TSS.Conc. + SACto..1.m. + NSEC.Effluent.NH3",0.506552038675883,0.0367234607439088,"2,1"
"231","N..Eff..TSS.Conc. + SACto..1.m. + NSEC.Effluent.NO3",0.670528389498248,0.244012099253566,"2,1"
"232","N..Eff..TSS.Conc. + SACto..1.m. + NSEC.Effluent.OP",0.621399513443382,0.266767243298157,"2,1"
"233","N..Eff..TSS.Conc. + SACto..1.m. + NSEC.Effluent.TSS",0.50616854391709,0.0151088469383841,"2,1"
"234","N..Eff..TSS.Conc. + SACto..1.m. + NSEC.Effluent.NO5",0.508453446021107,0.0299740933326694,"2,1"
"235","N..Eff..TSS.Conc. + SACto..1.m. + NSEC.Effluent.Flow",0.506449003037969,0.163915655201206,"2,1"
"236","N..Eff..TSS.Conc. + NSEC.Aerobic.SRT + NSEC.Effluent.NH3",0.498538228669192,0.150029592310573,"2,1"
"237","N..Eff..TSS.Conc. + NSEC.Aerobic.SRT + NSEC.Effluent.NO3",0.44580039199539,0.336229739897824,"2,1"
"238","N..Eff..TSS.Conc. + NSEC.Aerobic.SRT + NSEC.Effluent.OP",0.606026015518069,0.225239241717603,"2,1"
"239","N..Eff..TSS.Conc. + NSEC.Aerobic.SRT + NSEC.Effluent.TSS",0.404199894400039,0.22079773545473,"2,1"
"240","N..Eff..TSS.Conc. + NSEC.Aerobic.SRT + NSEC.Effluent.NO5",0.506611069546119,0.00845186633957673,"2,1"
"241","N..Eff..TSS.Conc. + NSEC.Aerobic.SRT + NSEC.Effluent.Flow",0.50607443786342,0.138574747588792,"2,1"
"242","N..Eff..TSS.Conc. + NSEC.Effluent.NH3 + NSEC.Effluent.NO3",0.385474322333895,0.154176740720314,"2,1"
"243","N..Eff..TSS.Conc. + NSEC.Effluent.NH3 + NSEC.Effluent.OP",0.529964693608165,0.298555078401861,"2,1"
"244","N..Eff..TSS.Conc. + NSEC.Effluent.NH3 + NSEC.Effluent.TSS",0.638662501964328,0.163908397066381,"2,1"
"245","N..Eff..TSS.Conc. + NSEC.Effluent.NH3 + NSEC.Effluent.NO5",0.504272152089734,0.00813151395648701,"2,1"
"246","N..Eff..TSS.Conc. + NSEC.Effluent.NH3 + NSEC.Effluent.Flow",0.0886262654439192,0.468840954071708,"2,1"
"247","N..Eff..TSS.Conc. + NSEC.Effluent.NO3 + NSEC.Effluent.OP",0.607958352194001,0.229983418663012,"2,1"
"248","N..Eff..TSS.Conc. + NSEC.Effluent.NO3 + NSEC.Effluent.TSS",0.618617001905948,0.212988845752391,"2,1"
"249","N..Eff..TSS.Conc. + NSEC.Effluent.NO3 + NSEC.Effluent.NO5",0.321082807275634,0.288815714887231,"2,1"
"250","N..Eff..TSS.Conc. + NSEC.Effluent.NO3 + NSEC.Effluent.Flow",0.290966809329912,0.648575157300297,"2,1"
"251","N..Eff..TSS.Conc. + NSEC.Effluent.OP + NSEC.Effluent.TSS",0.596349386939504,0.197023515974792,"2,1"
"252","N..Eff..TSS.Conc. + NSEC.Effluent.OP + NSEC.Effluent.NO5",0.440201833353195,0.129623226346236,"2,1"
"253","N..Eff..TSS.Conc. + NSEC.Effluent.OP + NSEC.Effluent.Flow",0.0806195856591297,0.485399531441371,"2,1"
"254","N..Eff..TSS.Conc. + NSEC.Effluent.TSS + NSEC.Effluent.NO5",0.566885267892221,0.206075335927446,"2,1"
"255","N..Eff..TSS.Conc. + NSEC.Effluent.TSS + NSEC.Effluent.Flow",0.0817392636060325,0.466443830437894,"2,1"
"256","N..Eff..TSS.Conc. + NSEC.Effluent.NO5 + NSEC.Effluent.Flow",0.0875645150367408,0.485424252665793,"2,1"
"257","Temp..of.NSEC.Main.Ch. + Temp..of.the.Atmos. + Secondary.Effluent.Flow",0.224948632292986,0.627128406124996,"2,1"
"258","Temp..of.NSEC.Main.Ch. + Temp..of.the.Atmos. + N..Basin.Outfall",0.164808707281004,0.673000321267426,"2,1"
"259","Temp..of.NSEC.Main.Ch. + Temp..of.the.Atmos. + CODto..mg.L.",0.491031852423191,0.330673023065399,"2,1"
"260","Temp..of.NSEC.Main.Ch. + Temp..of.the.Atmos. + TSS..mg.L.",0.461893640880167,0.191099973842266,"2,1"
"261","Temp..of.NSEC.Main.Ch. + Temp..of.the.Atmos. + UVT....",0.589787065404106,0.330282203492405,"2,1"
"262","Temp..of.NSEC.Main.Ch. + Temp..of.the.Atmos. + CODds..mg.L.",0.385255063367856,0.322279329191281,"2,1"
"263","Temp..of.NSEC.Main.Ch. + Temp..of.the.Atmos. + SACto..1.m.",0.378762285317567,0.319884491164746,"2,1"
"264","Temp..of.NSEC.Main.Ch. + Temp..of.the.Atmos. + NSEC.Aerobic.SRT",0.401223716045849,0.339043568113376,"2,1"
"265","Temp..of.NSEC.Main.Ch. + Temp..of.the.Atmos. + NSEC.Effluent.NH3",0.326689530264836,0.308008947474084,"2,1"
"266","Temp..of.NSEC.Main.Ch. + Temp..of.the.Atmos. + NSEC.Effluent.NO3",0.742853639922385,0.363669236244595,"2,1"
"267","Temp..of.NSEC.Main.Ch. + Temp..of.the.Atmos. + NSEC.Effluent.OP",0.508139370981862,0.212687834395093,"2,1"
"268","Temp..of.NSEC.Main.Ch. + Temp..of.the.Atmos. + NSEC.Effluent.TSS",0.506894802062413,0.00198168631641438,"2,1"
"269","Temp..of.NSEC.Main.Ch. + Temp..of.the.Atmos. + NSEC.Effluent.NO5",0.739835099172829,0.183285888146468,"2,1"
"270","Temp..of.NSEC.Main.Ch. + Temp..of.the.Atmos. + NSEC.Effluent.Flow",0.323642256296246,0.547234508028982,"2,1"
"271","Temp..of.NSEC.Main.Ch. + Secondary.Effluent.Flow + N..Basin.Outfall",0.150696153257716,0.615599727878958,"2,1"
"272","Temp..of.NSEC.Main.Ch. + Secondary.Effluent.Flow + CODto..mg.L.",0.241190702203273,0.633189053079484,"2,1"
"273","Temp..of.NSEC.Main.Ch. + Secondary.Effluent.Flow + TSS..mg.L.",0.248848509602048,0.623268047058423,"2,1"
"274","Temp..of.NSEC.Main.Ch. + Secondary.Effluent.Flow + UVT....",0.466706985374649,0.643259443376838,"2,1"
"275","Temp..of.NSEC.Main.Ch. + Secondary.Effluent.Flow + CODds..mg.L.",0.386405569693397,0.654788232531296,"2,1"
"276","Temp..of.NSEC.Main.Ch. + Secondary.Effluent.Flow + SACto..1.m.",0.307619749023637,0.637887540832383,"2,1"
"277","Temp..of.NSEC.Main.Ch. + Secondary.Effluent.Flow + NSEC.Aerobic.SRT",0.245585947177521,0.666996894229315,"2,1"
"278","Temp..of.NSEC.Main.Ch. + Secondary.Effluent.Flow + NSEC.Effluent.NH3",0.196289427965134,0.614740922010847,"2,1"
"279","Temp..of.NSEC.Main.Ch. + Secondary.Effluent.Flow + NSEC.Effluent.NO3",0.375688339279158,0.638516607727769,"2,1"
"280","Temp..of.NSEC.Main.Ch. + Secondary.Effluent.Flow + NSEC.Effluent.OP",0.276765350123877,0.615757579445693,"2,1"
"281","Temp..of.NSEC.Main.Ch. + Secondary.Effluent.Flow + NSEC.Effluent.TSS",0.28670636244367,0.616712736411731,"2,1"
"282","Temp..of.NSEC.Main.Ch. + Secondary.Effluent.Flow + NSEC.Effluent.NO5",0.370241781491259,0.63772852214675,"2,1"
"283","Temp..of.NSEC.Main.Ch. + Secondary.Effluent.Flow + NSEC.Effluent.Flow",0.505896091257647,0.59452912437768,"2,1"
"284","Temp..of.NSEC.Main.Ch. + N..Basin.Outfall + CODto..mg.L.",0.275713376206438,0.651436093767505,"2,1"
"285","Temp..of.NSEC.Main.Ch. + N..Basin.Outfall + TSS..mg.L.",0.201081384220564,0.628423863771436,"2,1"
"286","Temp..of.NSEC.Main.Ch. + N..Basin.Outfall + UVT....",0.267304337210369,0.668284605121081,"2,1"
"287","Temp..of.NSEC.Main.Ch. + N..Basin.Outfall + CODds..mg.L.",0.260906308192502,0.656010034385759,"2,1"
"288","Temp..of.NSEC.Main.Ch. + N..Basin.Outfall + SACto..1.m.",0.279346318780243,0.638211004761353,"2,1"
"289","Temp..of.NSEC.Main.Ch. + N..Basin.Outfall + NSEC.Aerobic.SRT",0.28900668386292,0.647039910773697,"2,1"
"290","Temp..of.NSEC.Main.Ch. + N..Basin.Outfall + NSEC.Effluent.NH3",0.220423858566886,0.619227353869801,"2,1"
"291","Temp..of.NSEC.Main.Ch. + N..Basin.Outfall + NSEC.Effluent.NO3",0.334302143294365,0.647045290160794,"2,1"
"292","Temp..of.NSEC.Main.Ch. + N..Basin.Outfall + NSEC.Effluent.OP",0.123120588973959,0.67092732712145,"2,1"
"293","Temp..of.NSEC.Main.Ch. + N..Basin.Outfall + NSEC.Effluent.TSS",0.506922686623727,0.147114605100386,"2,1"
"294","Temp..of.NSEC.Main.Ch. + N..Basin.Outfall + NSEC.Effluent.NO5",0.309113539367111,0.645964313652717,"2,1"
"295","Temp..of.NSEC.Main.Ch. + N..Basin.Outfall + NSEC.Effluent.Flow",0.199551828060153,0.634118252822417,"2,1"
"296","Temp..of.NSEC.Main.Ch. + CODto..mg.L. + TSS..mg.L.",0.560596636589449,0.0361552966585305,"2,1"
"297","Temp..of.NSEC.Main.Ch. + CODto..mg.L. + UVT....",0.599338425971091,0.0362518962311155,"2,1"
"298","Temp..of.NSEC.Main.Ch. + CODto..mg.L. + CODds..mg.L.",0.566167997252988,0.0301560301368119,"2,1"
"299","Temp..of.NSEC.Main.Ch. + CODto..mg.L. + SACto..1.m.",0.503655669148728,0.0223841753940087,"2,1"
"300","Temp..of.NSEC.Main.Ch. + CODto..mg.L. + NSEC.Aerobic.SRT",0.34244259174654,0.353375243230972,"2,1"
"301","Temp..of.NSEC.Main.Ch. + CODto..mg.L. + NSEC.Effluent.NH3",0.771873278538182,0.215324843425032,"2,1"
"302","Temp..of.NSEC.Main.Ch. + CODto..mg.L. + NSEC.Effluent.NO3",0.643513133998705,0.195454595372046,"2,1"
"303","Temp..of.NSEC.Main.Ch. + CODto..mg.L. + NSEC.Effluent.OP",0.599638562603466,0.269102174003956,"2,1"
"304","Temp..of.NSEC.Main.Ch. + CODto..mg.L. + NSEC.Effluent.TSS",0.538220318145606,0.100227007639178,"2,1"
"305","Temp..of.NSEC.Main.Ch. + CODto..mg.L. + NSEC.Effluent.NO5",0.649757714056562,0.173352649318767,"2,1"
"306","Temp..of.NSEC.Main.Ch. + CODto..mg.L. + NSEC.Effluent.Flow",0.390993948601462,0.534558636298191,"2,1"
"307","Temp..of.NSEC.Main.Ch. + TSS..mg.L. + UVT....",0.593739588231407,0.0503972980640002,"2,1"
"308","Temp..of.NSEC.Main.Ch. + TSS..mg.L. + CODds..mg.L.",0.419067813020776,0.202957585026573,"2,1"
"309","Temp..of.NSEC.Main.Ch. + TSS..mg.L. + SACto..1.m.",0.585830302098541,0.033078975179568,"2,1"
"310","Temp..of.NSEC.Main.Ch. + TSS..mg.L. + NSEC.Aerobic.SRT",0.50619436193887,0.00218689963244366,"2,1"
"311","Temp..of.NSEC.Main.Ch. + TSS..mg.L. + NSEC.Effluent.NH3",0.509705672561907,0.0290590515337211,"2,1"
"312","Temp..of.NSEC.Main.Ch. + TSS..mg.L. + NSEC.Effluent.NO3",0.605254659616598,0.175880660295772,"2,1"
"313","Temp..of.NSEC.Main.Ch. + TSS..mg.L. + NSEC.Effluent.OP",0.606064371534481,0.195451807554963,"2,1"
"314","Temp..of.NSEC.Main.Ch. + TSS..mg.L. + NSEC.Effluent.TSS",0.0762017514765748,0.241915392385348,"2,1"
"315","Temp..of.NSEC.Main.Ch. + TSS..mg.L. + NSEC.Effluent.NO5",0.631427995119422,0.155904469636015,"2,1"
"316","Temp..of.NSEC.Main.Ch. + TSS..mg.L. + NSEC.Effluent.Flow",0.0394640541020965,0.545935316360256,"2,1"
"317","Temp..of.NSEC.Main.Ch. + UVT.... + CODds..mg.L.",0.507764564760491,0.0136638986144509,"2,1"
"318","Temp..of.NSEC.Main.Ch. + UVT.... + SACto..1.m.",0.510916312529188,0.0126981549404542,"2,1"
"319","Temp..of.NSEC.Main.Ch. + UVT.... + NSEC.Aerobic.SRT",0.650644957388289,0.316879405544955,"2,1"
"320","Temp..of.NSEC.Main.Ch. + UVT.... + NSEC.Effluent.NH3",0.668460489321979,0.0768088743827736,"2,1"
"321","Temp..of.NSEC.Main.Ch. + UVT.... + NSEC.Effluent.NO3",0.286195538156424,0.283594275295181,"2,1"
"322","Temp..of.NSEC.Main.Ch. + UVT.... + NSEC.Effluent.OP",0.506487152672442,0.0142038664849801,"2,1"
"323","Temp..of.NSEC.Main.Ch. + UVT.... + NSEC.Effluent.TSS",0.00658042471004724,0.272542146686368,"2,1"
"324","Temp..of.NSEC.Main.Ch. + UVT.... + NSEC.Effluent.NO5",0.749987048542935,0.182585445582541,"2,1"
"325","Temp..of.NSEC.Main.Ch. + UVT.... + NSEC.Effluent.Flow",0.533175621669422,0.545099002324444,"2,1"
"326","Temp..of.NSEC.Main.Ch. + CODds..mg.L. + SACto..1.m.",0.581027283114711,0.0375952926873495,"2,1"
"327","Temp..of.NSEC.Main.Ch. + CODds..mg.L. + NSEC.Aerobic.SRT",0.520156708757407,0.00812757479177683,"2,1"
"328","Temp..of.NSEC.Main.Ch. + CODds..mg.L. + NSEC.Effluent.NH3",0.520400209783912,0.148743589661063,"2,1"
"329","Temp..of.NSEC.Main.Ch. + CODds..mg.L. + NSEC.Effluent.NO3",0.652338448245828,0.256834414229077,"2,1"
"330","Temp..of.NSEC.Main.Ch. + CODds..mg.L. + NSEC.Effluent.OP",0.507025933789605,0.0297255910268786,"2,1"
"331","Temp..of.NSEC.Main.Ch. + CODds..mg.L. + NSEC.Effluent.TSS",0.503504868279513,0.0101670714630364,"2,1"
"332","Temp..of.NSEC.Main.Ch. + CODds..mg.L. + NSEC.Effluent.NO5",0.353116567235325,0.229690061506156,"2,1"
"333","Temp..of.NSEC.Main.Ch. + CODds..mg.L. + NSEC.Effluent.Flow",0.424777772410554,0.542410565082006,"2,1"
"334","Temp..of.NSEC.Main.Ch. + SACto..1.m. + NSEC.Aerobic.SRT",0.507563467536691,0.0208421985286344,"2,1"
"335","Temp..of.NSEC.Main.Ch. + SACto..1.m. + NSEC.Effluent.NH3",0.640592609505583,0.0712321347889404,"2,1"
"336","Temp..of.NSEC.Main.Ch. + SACto..1.m. + NSEC.Effluent.NO3",0.506507581629708,0.014722896411756,"2,1"
"337","Temp..of.NSEC.Main.Ch. + SACto..1.m. + NSEC.Effluent.OP",0.605945136864893,0.176460112538093,"2,1"
"338","Temp..of.NSEC.Main.Ch. + SACto..1.m. + NSEC.Effluent.TSS",0.562685127971334,0.126358851505384,"2,1"
"339","Temp..of.NSEC.Main.Ch. + SACto..1.m. + NSEC.Effluent.NO5",0.670287405262058,0.175608816132504,"2,1"
"340","Temp..of.NSEC.Main.Ch. + SACto..1.m. + NSEC.Effluent.Flow",0.511246202789688,0.0453620528668652,"2,1"
"341","Temp..of.NSEC.Main.Ch. + NSEC.Aerobic.SRT + NSEC.Effluent.NH3",0.50059694239356,0.137668087919844,"2,1"
"342","Temp..of.NSEC.Main.Ch. + NSEC.Aerobic.SRT + NSEC.Effluent.NO3",0.621375464389157,0.159834088205451,"2,1"
"343","Temp..of.NSEC.Main.Ch. + NSEC.Aerobic.SRT + NSEC.Effluent.OP",0.50797544511443,0.00789496202953464,"2,1"
"344","Temp..of.NSEC.Main.Ch. + NSEC.Aerobic.SRT + NSEC.Effluent.TSS",0.531494263514779,0.0735464380381038,"2,1"
"345","Temp..of.NSEC.Main.Ch. + NSEC.Aerobic.SRT + NSEC.Effluent.NO5",0.504003933028969,0.0121952524411106,"2,1"
"346","Temp..of.NSEC.Main.Ch. + NSEC.Aerobic.SRT + NSEC.Effluent.Flow",0.300501281406132,0.514711805970266,"2,1"
"347","Temp..of.NSEC.Main.Ch. + NSEC.Effluent.NH3 + NSEC.Effluent.NO3",0.758710718100161,0.394647824842249,"2,1"
"348","Temp..of.NSEC.Main.Ch. + NSEC.Effluent.NH3 + NSEC.Effluent.OP",0.536760573144094,0.237460503070908,"2,1"
"349","Temp..of.NSEC.Main.Ch. + NSEC.Effluent.NH3 + NSEC.Effluent.TSS",0.50669670558306,0.0095797183936796,"2,1"
"350","Temp..of.NSEC.Main.Ch. + NSEC.Effluent.NH3 + NSEC.Effluent.NO5",0.506513578079135,0.0107097794247876,"2,1"
"351","Temp..of.NSEC.Main.Ch. + NSEC.Effluent.NH3 + NSEC.Effluent.Flow",0.343359641530716,0.515244557482579,"2,1"
"352","Temp..of.NSEC.Main.Ch. + NSEC.Effluent.NO3 + NSEC.Effluent.OP",0.610229955208059,0.160601398922445,"2,1"
"353","Temp..of.NSEC.Main.Ch. + NSEC.Effluent.NO3 + NSEC.Effluent.TSS",0.52239382495202,0.0110851896777273,"2,1"
"354","Temp..of.NSEC.Main.Ch. + NSEC.Effluent.NO3 + NSEC.Effluent.NO5",0.400873420225293,0.226655252142335,"2,1"
"355","Temp..of.NSEC.Main.Ch. + NSEC.Effluent.NO3 + NSEC.Effluent.Flow",0.523524376494634,0.636742007945001,"2,1"
"356","Temp..of.NSEC.Main.Ch. + NSEC.Effluent.OP + NSEC.Effluent.TSS",0.507591982422932,0.00161230157974631,"2,1"
"357","Temp..of.NSEC.Main.Ch. + NSEC.Effluent.OP + NSEC.Effluent.NO5",0.505905666465937,0.0373282676087749,"2,1"
"358","Temp..of.NSEC.Main.Ch. + NSEC.Effluent.OP + NSEC.Effluent.Flow",0.425181189580016,0.533566860370091,"2,1"
"359","Temp..of.NSEC.Main.Ch. + NSEC.Effluent.TSS + NSEC.Effluent.NO5",0.539988012304561,0.231665780169859,"2,1"
"360","Temp..of.NSEC.Main.Ch. + NSEC.Effluent.TSS + NSEC.Effluent.Flow",0.304040872074373,0.600859865944641,"2,1"
"361","Temp..of.NSEC.Main.Ch. + NSEC.Effluent.NO5 + NSEC.Effluent.Flow",0.437888939028553,0.609804934862033,"2,1"
"362","Temp..of.the.Atmos. + Secondary.Effluent.Flow + N..Basin.Outfall",0.506332284217526,0.00491230258345776,"2,1"
"363","Temp..of.the.Atmos. + Secondary.Effluent.Flow + CODto..mg.L.",0.152496362732043,0.606468355171621,"2,1"
"364","Temp..of.the.Atmos. + Secondary.Effluent.Flow + TSS..mg.L.",0.186226696692168,0.596009864589106,"2,1"
"365","Temp..of.the.Atmos. + Secondary.Effluent.Flow + UVT....",0.38941849478549,0.707943789132653,"2,1"
"366","Temp..of.the.Atmos. + Secondary.Effluent.Flow + CODds..mg.L.",0.147188134546473,0.60073145921858,"2,1"
"367","Temp..of.the.Atmos. + Secondary.Effluent.Flow + SACto..1.m.",0.236615196615669,0.694087244387812,"2,1"
"368","Temp..of.the.Atmos. + Secondary.Effluent.Flow + NSEC.Aerobic.SRT",0.270449120287159,0.672418581660871,"2,1"
"369","Temp..of.the.Atmos. + Secondary.Effluent.Flow + NSEC.Effluent.NH3",0.229168012607924,0.600096664576023,"2,1"
"370","Temp..of.the.Atmos. + Secondary.Effluent.Flow + NSEC.Effluent.NO3",0.220591240700338,0.609311967904591,"2,1"
"371","Temp..of.the.Atmos. + Secondary.Effluent.Flow + NSEC.Effluent.OP",0.0966667321065676,0.570783164962992,"2,1"
"372","Temp..of.the.Atmos. + Secondary.Effluent.Flow + NSEC.Effluent.TSS",0.312182244890983,0.719958735331111,"2,1"
"373","Temp..of.the.Atmos. + Secondary.Effluent.Flow + NSEC.Effluent.NO5",0.0944725129174736,0.572137275548518,"2,1"
"374","Temp..of.the.Atmos. + Secondary.Effluent.Flow + NSEC.Effluent.Flow",0.140958043500343,0.598140367200589,"2,1"
"375","Temp..of.the.Atmos. + N..Basin.Outfall + CODto..mg.L.",0.164578250134275,0.702854438750279,"2,1"
"376","Temp..of.the.Atmos. + N..Basin.Outfall + TSS..mg.L.",0.127495039329265,0.694937687601517,"2,1"
"377","Temp..of.the.Atmos. + N..Basin.Outfall + UVT....",0.380287540267717,0.703308399104287,"2,1"
"378","Temp..of.the.Atmos. + N..Basin.Outfall + CODds..mg.L.",0.0830988784940405,0.586707688772418,"2,1"
"379","Temp..of.the.Atmos. + N..Basin.Outfall + SACto..1.m.",0.155620978178597,0.707101506490553,"2,1"
"380","Temp..of.the.Atmos. + N..Basin.Outfall + NSEC.Aerobic.SRT",0.175881666045705,0.669730104229829,"2,1"
"381","Temp..of.the.Atmos. + N..Basin.Outfall + NSEC.Effluent.NH3",0.0735694827550304,0.58098081950197,"2,1"
"382","Temp..of.the.Atmos. + N..Basin.Outfall + NSEC.Effluent.NO3",0.0832512605988724,0.588312989601464,"2,1"
"383","Temp..of.the.Atmos. + N..Basin.Outfall + NSEC.Effluent.OP",0.0672199967262851,0.627075832705156,"2,1"
"384","Temp..of.the.Atmos. + N..Basin.Outfall + NSEC.Effluent.TSS",0.269633750314241,0.724839334781666,"2,1"
"385","Temp..of.the.Atmos. + N..Basin.Outfall + NSEC.Effluent.NO5",0.0695499736766695,0.58289344796773,"2,1"
"386","Temp..of.the.Atmos. + N..Basin.Outfall + NSEC.Effluent.Flow",0.0903453691887068,0.575399666151982,"2,1"
"387","Temp..of.the.Atmos. + CODto..mg.L. + TSS..mg.L.",0.543143904813072,0.0397802868109797,"2,1"
"388","Temp..of.the.Atmos. + CODto..mg.L. + UVT....",0.609777373281155,0.0394834965624292,"2,1"
"389","Temp..of.the.Atmos. + CODto..mg.L. + CODds..mg.L.",0.64824598293953,0.0998545423254071,"2,1"
"390","Temp..of.the.Atmos. + CODto..mg.L. + SACto..1.m.",0.577986085099031,0.0383919006815497,"2,1"
"391","Temp..of.the.Atmos. + CODto..mg.L. + NSEC.Aerobic.SRT",0.571415012717206,0.363781424177131,"2,1"
"392","Temp..of.the.Atmos. + CODto..mg.L. + NSEC.Effluent.NH3",0.668951944402573,0.211649199788801,"2,1"
"393","Temp..of.the.Atmos. + CODto..mg.L. + NSEC.Effluent.NO3",0.481403891749583,0.173988745338353,"2,1"
"394","Temp..of.the.Atmos. + CODto..mg.L. + NSEC.Effluent.OP",0.506880025017073,0.0603850387527308,"2,1"
"395","Temp..of.the.Atmos. + CODto..mg.L. + NSEC.Effluent.TSS",0.508048139854308,0.168007720785536,"2,1"
"396","Temp..of.the.Atmos. + CODto..mg.L. + NSEC.Effluent.NO5",0.495978461045606,0.138836954723305,"2,1"
"397","Temp..of.the.Atmos. + CODto..mg.L. + NSEC.Effluent.Flow",0.233098752872865,0.517232836704086,"2,1"
"398","Temp..of.the.Atmos. + TSS..mg.L. + UVT....",0.583485552003691,0.0367119135372624,"2,1"
"399","Temp..of.the.Atmos. + TSS..mg.L. + CODds..mg.L.",0.560011713580066,0.0883792690265632,"2,1"
"400","Temp..of.the.Atmos. + TSS..mg.L. + SACto..1.m.",0.555373632255388,0.0370223060725281,"2,1"
"401","Temp..of.the.Atmos. + TSS..mg.L. + NSEC.Aerobic.SRT",0.470458847709532,0.304594849712935,"2,1"
"402","Temp..of.the.Atmos. + TSS..mg.L. + NSEC.Effluent.NH3",0.476236335451508,0.138993321795874,"2,1"
"403","Temp..of.the.Atmos. + TSS..mg.L. + NSEC.Effluent.NO3",0.438527831204735,0.162707858516187,"2,1"
"404","Temp..of.the.Atmos. + TSS..mg.L. + NSEC.Effluent.OP",0.350140842217388,0.257609950429237,"2,1"
"405","Temp..of.the.Atmos. + TSS..mg.L. + NSEC.Effluent.TSS",0.509019792835266,0.0219365813240329,"2,1"
"406","Temp..of.the.Atmos. + TSS..mg.L. + NSEC.Effluent.NO5",0.440140547755111,0.233104618200998,"2,1"
"407","Temp..of.the.Atmos. + TSS..mg.L. + NSEC.Effluent.Flow",0.265703341722261,0.509564819557512,"2,1"
"408","Temp..of.the.Atmos. + UVT.... + CODds..mg.L.",0.483967943735763,0.139957114357437,"2,1"
"409","Temp..of.the.Atmos. + UVT.... + SACto..1.m.",0.620220930359756,0.0569414632239994,"2,1"
"410","Temp..of.the.Atmos. + UVT.... + NSEC.Aerobic.SRT",0.50670308141601,0.0136936093745441,"2,1"
"411","Temp..of.the.Atmos. + UVT.... + NSEC.Effluent.NH3",0.605346307424242,0.0954842635376078,"2,1"
"412","Temp..of.the.Atmos. + UVT.... + NSEC.Effluent.NO3",0.576189515493066,0.170932537695394,"2,1"
"413","Temp..of.the.Atmos. + UVT.... + NSEC.Effluent.OP",0.50891295226129,0.0437914388659033,"2,1"
"414","Temp..of.the.Atmos. + UVT.... + NSEC.Effluent.TSS",0.506565923756877,0.104082114987603,"2,1"
"415","Temp..of.the.Atmos. + UVT.... + NSEC.Effluent.NO5",0.575800678961916,0.229639059755788,"2,1"
"416","Temp..of.the.Atmos. + UVT.... + NSEC.Effluent.Flow",0.325315567434215,0.533127395386195,"2,1"
"417","Temp..of.the.Atmos. + CODds..mg.L. + SACto..1.m.",0.636668014168874,0.0667930997386148,"2,1"
"418","Temp..of.the.Atmos. + CODds..mg.L. + NSEC.Aerobic.SRT",0.532984310484343,0.076427401361822,"2,1"
"419","Temp..of.the.Atmos. + CODds..mg.L. + NSEC.Effluent.NH3",0.456334220035504,0.0958745233866266,"2,1"
"420","Temp..of.the.Atmos. + CODds..mg.L. + NSEC.Effluent.NO3",0.480810728810308,0.197971532841407,"2,1"
"421","Temp..of.the.Atmos. + CODds..mg.L. + NSEC.Effluent.OP",0.115960886459933,0.205571319650623,"2,1"
"422","Temp..of.the.Atmos. + CODds..mg.L. + NSEC.Effluent.TSS",0.456072006097874,0.136077130570072,"2,1"
"423","Temp..of.the.Atmos. + CODds..mg.L. + NSEC.Effluent.NO5",0.441907511154494,0.0911773172993182,"2,1"
"424","Temp..of.the.Atmos. + CODds..mg.L. + NSEC.Effluent.Flow",0.108152522927001,0.533931384318869,"2,1"
"425","Temp..of.the.Atmos. + SACto..1.m. + NSEC.Aerobic.SRT",0.507724629403656,0.0154008699179995,"2,1"
"426","Temp..of.the.Atmos. + SACto..1.m. + NSEC.Effluent.NH3",0.602974670519478,0.0869757827027991,"2,1"
"427","Temp..of.the.Atmos. + SACto..1.m. + NSEC.Effluent.NO3",0.507618013613764,0.00238566051740756,"2,1"
"428","Temp..of.the.Atmos. + SACto..1.m. + NSEC.Effluent.OP",0.178776014997602,0.187893567222997,"2,1"
"429","Temp..of.the.Atmos. + SACto..1.m. + NSEC.Effluent.TSS",0.508666756426252,0.03603951936763,"2,1"
"430","Temp..of.the.Atmos. + SACto..1.m. + NSEC.Effluent.NO5",0.50637136998689,0.00245096352668072,"2,1"
"431","Temp..of.the.Atmos. + SACto..1.m. + NSEC.Effluent.Flow",0.273356690354439,0.583317286994228,"2,1"
"432","Temp..of.the.Atmos. + NSEC.Aerobic.SRT + NSEC.Effluent.NH3",0.502352868192685,0.326905330269874,"2,1"
"433","Temp..of.the.Atmos. + NSEC.Aerobic.SRT + NSEC.Effluent.NO3",0.506521350490641,0.0288486729904344,"2,1"
"434","Temp..of.the.Atmos. + NSEC.Aerobic.SRT + NSEC.Effluent.OP",0.505559326616824,0.000266913622102254,"2,1"
"435","Temp..of.the.Atmos. + NSEC.Aerobic.SRT + NSEC.Effluent.TSS",0.506291379701299,0.0150712193398791,"2,1"
"436","Temp..of.the.Atmos. + NSEC.Aerobic.SRT + NSEC.Effluent.NO5",0.446051744642551,0.284702693310688,"2,1"
"437","Temp..of.the.Atmos. + NSEC.Aerobic.SRT + NSEC.Effluent.Flow",0.36074100748187,0.614344121566831,"2,1"
"438","Temp..of.the.Atmos. + NSEC.Effluent.NH3 + NSEC.Effluent.NO3",0.42257398773142,0.153149963798071,"2,1"
"439","Temp..of.the.Atmos. + NSEC.Effluent.NH3 + NSEC.Effluent.OP",0.49913075275402,8.67233681925542e-06,"2,1"
"440","Temp..of.the.Atmos. + NSEC.Effluent.NH3 + NSEC.Effluent.TSS",0.505978768414445,0.0460064474494234,"2,1"
"441","Temp..of.the.Atmos. + NSEC.Effluent.NH3 + NSEC.Effluent.NO5",0.507171657359939,2.09209000612771e-06,"2,1"
"442","Temp..of.the.Atmos. + NSEC.Effluent.NH3 + NSEC.Effluent.Flow",0.180024447492766,0.482094453387158,"2,1"
"443","Temp..of.the.Atmos. + NSEC.Effluent.NO3 + NSEC.Effluent.OP",0.506056768794222,0.0506041117218659,"2,1"
"444","Temp..of.the.Atmos. + NSEC.Effluent.NO3 + NSEC.Effluent.TSS",0.450006846890228,0.247610733550205,"2,1"
"445","Temp..of.the.Atmos. + NSEC.Effluent.NO3 + NSEC.Effluent.NO5",0.42970700819387,0.136494976693474,"2,1"
"446","Temp..of.the.Atmos. + NSEC.Effluent.NO3 + NSEC.Effluent.Flow",0.162695170495798,0.620953247437837,"2,1"
"447","Temp..of.the.Atmos. + NSEC.Effluent.OP + NSEC.Effluent.TSS",0.0959913018910896,0.283168778192805,"2,1"
"448","Temp..of.the.Atmos. + NSEC.Effluent.OP + NSEC.Effluent.NO5",0.148944001739233,0.312920736954973,"2,1"
"449","Temp..of.the.Atmos. + NSEC.Effluent.OP + NSEC.Effluent.Flow",0.137609148648555,0.484570734489104,"2,1"
"450","Temp..of.the.Atmos. + NSEC.Effluent.TSS + NSEC.Effluent.NO5",0.475775888879478,0.222696674154264,"2,1"
"451","Temp..of.the.Atmos. + NSEC.Effluent.TSS + NSEC.Effluent.Flow",0.147489831768203,0.490805538589767,"2,1"
"452","Temp..of.the.Atmos. + NSEC.Effluent.NO5 + NSEC.Effluent.Flow",0.182857991962524,0.521340308901121,"2,1"
"453","Secondary.Effluent.Flow + N..Basin.Outfall + CODto..mg.L.",0.0910796384663977,0.604986402284132,"2,1"
"454","Secondary.Effluent.Flow + N..Basin.Outfall + TSS..mg.L.",0.082918029379548,0.593233707441426,"2,1"
"455","Secondary.Effluent.Flow + N..Basin.Outfall + UVT....",0.1296468393406,0.642303296396442,"2,1"
"456","Secondary.Effluent.Flow + N..Basin.Outfall + CODds..mg.L.",0.0834965382185214,0.563958520368619,"2,1"
"457","Secondary.Effluent.Flow + N..Basin.Outfall + SACto..1.m.",0.0989725319803927,0.646911146449177,"2,1"
"458","Secondary.Effluent.Flow + N..Basin.Outfall + NSEC.Aerobic.SRT",0.215983367191518,0.672153918317412,"2,1"
"459","Secondary.Effluent.Flow + N..Basin.Outfall + NSEC.Effluent.NH3",0.0738435731224995,0.559463636840822,"2,1"
"460","Secondary.Effluent.Flow + N..Basin.Outfall + NSEC.Effluent.NO3",0.0745680721146549,0.565905692947337,"2,1"
"461","Secondary.Effluent.Flow + N..Basin.Outfall + NSEC.Effluent.OP",0.0634496602184048,0.560519474079616,"2,1"
"462","Secondary.Effluent.Flow + N..Basin.Outfall + NSEC.Effluent.TSS",0.0606250367490628,0.564821541382585,"2,1"
"463","Secondary.Effluent.Flow + N..Basin.Outfall + NSEC.Effluent.NO5",0.0581027529318681,0.559104207582911,"2,1"
"464","Secondary.Effluent.Flow + N..Basin.Outfall + NSEC.Effluent.Flow",0.0668073261315645,0.579696129192078,"2,1"
"465","Secondary.Effluent.Flow + CODto..mg.L. + TSS..mg.L.",0.0875853699054534,0.681863335066919,"2,1"
"466","Secondary.Effluent.Flow + CODto..mg.L. + UVT....",0.152108648006739,0.621143568992808,"2,1"
"467","Secondary.Effluent.Flow + CODto..mg.L. + CODds..mg.L.",0.0893884782476257,0.681031462577317,"2,1"
"468","Secondary.Effluent.Flow + CODto..mg.L. + SACto..1.m.",0.0805268718727975,0.640775763570763,"2,1"
"469","Secondary.Effluent.Flow + CODto..mg.L. + NSEC.Aerobic.SRT",0.0896345931959496,0.625620322507919,"2,1"
"470","Secondary.Effluent.Flow + CODto..mg.L. + NSEC.Effluent.NH3",0.104720303325705,0.60381254778434,"2,1"
"471","Secondary.Effluent.Flow + CODto..mg.L. + NSEC.Effluent.NO3",0.096090994452512,0.640648463509548,"2,1"
"472","Secondary.Effluent.Flow + CODto..mg.L. + NSEC.Effluent.OP",0.128363269322895,0.59438450094544,"2,1"
"473","Secondary.Effluent.Flow + CODto..mg.L. + NSEC.Effluent.TSS",0.14745837402,0.609564814682121,"2,1"
"474","Secondary.Effluent.Flow + CODto..mg.L. + NSEC.Effluent.NO5",0.0928429230085587,0.636410284681237,"2,1"
"475","Secondary.Effluent.Flow + CODto..mg.L. + NSEC.Effluent.Flow",0.0726476341385553,0.611007962208834,"2,1"
"476","Secondary.Effluent.Flow + TSS..mg.L. + UVT....",0.0791257417770549,0.659327194391983,"2,1"
"477","Secondary.Effluent.Flow + TSS..mg.L. + CODds..mg.L.",0.119351688110366,0.596822856934754,"2,1"
"478","Secondary.Effluent.Flow + TSS..mg.L. + SACto..1.m.",0.0788068914401022,0.662247992110148,"2,1"
"479","Secondary.Effluent.Flow + TSS..mg.L. + NSEC.Aerobic.SRT",0.0922864523725956,0.588975083511754,"2,1"
"480","Secondary.Effluent.Flow + TSS..mg.L. + NSEC.Effluent.NH3",0.0852946528225917,0.594906638001774,"2,1"
"481","Secondary.Effluent.Flow + TSS..mg.L. + NSEC.Effluent.NO3",0.100887887512568,0.595392639148479,"2,1"
"482","Secondary.Effluent.Flow + TSS..mg.L. + NSEC.Effluent.OP",0.0948218211117059,0.586515243896092,"2,1"
"483","Secondary.Effluent.Flow + TSS..mg.L. + NSEC.Effluent.TSS",0.106344317334655,0.59587141926213,"2,1"
"484","Secondary.Effluent.Flow + TSS..mg.L. + NSEC.Effluent.NO5",0.0953483751019805,0.585614634756365,"2,1"
"485","Secondary.Effluent.Flow + TSS..mg.L. + NSEC.Effluent.Flow",0.0673291719306917,0.593537097511739,"2,1"
"486","Secondary.Effluent.Flow + UVT.... + CODds..mg.L.",0.125421961911139,0.638937911770176,"2,1"
"487","Secondary.Effluent.Flow + UVT.... + SACto..1.m.",0.0906761515339983,0.635696838939621,"2,1"
"488","Secondary.Effluent.Flow + UVT.... + NSEC.Aerobic.SRT",0.447795417553511,0.68541728887546,"2,1"
"489","Secondary.Effluent.Flow + UVT.... + NSEC.Effluent.NH3",0.153716686979915,0.654082664796145,"2,1"
"490","Secondary.Effluent.Flow + UVT.... + NSEC.Effluent.NO3",0.0861995091393093,0.6571020512907,"2,1"
"491","Secondary.Effluent.Flow + UVT.... + NSEC.Effluent.OP",0.219086252557236,0.591589114903821,"2,1"
"492","Secondary.Effluent.Flow + UVT.... + NSEC.Effluent.TSS",0.405562953546151,0.714099350887377,"2,1"
"493","Secondary.Effluent.Flow + UVT.... + NSEC.Effluent.NO5",0.129642442286992,0.651891022442926,"2,1"
"494","Secondary.Effluent.Flow + UVT.... + NSEC.Effluent.Flow",0.152145971926798,0.669822243733865,"2,1"
"495","Secondary.Effluent.Flow + CODds..mg.L. + SACto..1.m.",0.0839792416932066,0.67912666607103,"2,1"
"496","Secondary.Effluent.Flow + CODds..mg.L. + NSEC.Aerobic.SRT",0.0572212321138109,0.564107491251349,"2,1"
"497","Secondary.Effluent.Flow + CODds..mg.L. + NSEC.Effluent.NH3",0.0639950841327753,0.559213944997943,"2,1"
"498","Secondary.Effluent.Flow + CODds..mg.L. + NSEC.Effluent.NO3",0.0586924648640955,0.56907454229147,"2,1"
"499","Secondary.Effluent.Flow + CODds..mg.L. + NSEC.Effluent.OP",0.0821673102391839,0.557565889533219,"2,1"
"500","Secondary.Effluent.Flow + CODds..mg.L. + NSEC.Effluent.TSS",0.0826929611857447,0.561605459309465,"2,1"
"501","Secondary.Effluent.Flow + CODds..mg.L. + NSEC.Effluent.NO5",0.0886164604297136,0.560554061576462,"2,1"
"502","Secondary.Effluent.Flow + CODds..mg.L. + NSEC.Effluent.Flow",0.0622618672199249,0.591568791612346,"2,1"
"503","Secondary.Effluent.Flow + SACto..1.m. + NSEC.Aerobic.SRT",0.12166115928084,0.602418254496992,"2,1"
"504","Secondary.Effluent.Flow + SACto..1.m. + NSEC.Effluent.NH3",0.130085758523658,0.601025708642123,"2,1"
"505","Secondary.Effluent.Flow + SACto..1.m. + NSEC.Effluent.NO3",0.0895084699962345,0.669945660315655,"2,1"
"506","Secondary.Effluent.Flow + SACto..1.m. + NSEC.Effluent.OP",0.102492224838613,0.676002196430857,"2,1"
"507","Secondary.Effluent.Flow + SACto..1.m. + NSEC.Effluent.TSS",0.117813711796638,0.686784124798505,"2,1"
"508","Secondary.Effluent.Flow + SACto..1.m. + NSEC.Effluent.NO5",0.0961495070331554,0.664238224122045,"2,1"
"509","Secondary.Effluent.Flow + SACto..1.m. + NSEC.Effluent.Flow",0.111890574184166,0.644544492855784,"2,1"
"510","Secondary.Effluent.Flow + NSEC.Aerobic.SRT + NSEC.Effluent.NH3",0.506920849194005,0.0274427178017541,"2,1"
"511","Secondary.Effluent.Flow + NSEC.Aerobic.SRT + NSEC.Effluent.NO3",0.292289415387087,0.677606761992675,"2,1"
"512","Secondary.Effluent.Flow + NSEC.Aerobic.SRT + NSEC.Effluent.OP",0.146622013147989,0.685137223323013,"2,1"
"513","Secondary.Effluent.Flow + NSEC.Aerobic.SRT + NSEC.Effluent.TSS",0.340261576320919,0.684562414907714,"2,1"
"514","Secondary.Effluent.Flow + NSEC.Aerobic.SRT + NSEC.Effluent.NO5",0.377987610035351,0.669278356334161,"2,1"
"515","Secondary.Effluent.Flow + NSEC.Aerobic.SRT + NSEC.Effluent.Flow",0.372654338862841,0.66196622517864,"2,1"
"516","Secondary.Effluent.Flow + NSEC.Effluent.NH3 + NSEC.Effluent.NO3",0.0761035720920588,0.563091075544829,"2,1"
"517","Secondary.Effluent.Flow + NSEC.Effluent.NH3 + NSEC.Effluent.OP",0.0802313497251314,0.55585486981297,"2,1"
"518","Secondary.Effluent.Flow + NSEC.Effluent.NH3 + NSEC.Effluent.TSS",0.233979306724644,0.679798110069297,"2,1"
"519","Secondary.Effluent.Flow + NSEC.Effluent.NH3 + NSEC.Effluent.NO5",0.0538707254348131,0.553952640062559,"2,1"
"520","Secondary.Effluent.Flow + NSEC.Effluent.NH3 + NSEC.Effluent.Flow",0.0678167930468973,0.569806389204157,"2,1"
"521","Secondary.Effluent.Flow + NSEC.Effluent.NO3 + NSEC.Effluent.OP",0.0636664059100047,0.561575840848806,"2,1"
"522","Secondary.Effluent.Flow + NSEC.Effluent.NO3 + NSEC.Effluent.TSS",0.225502515539801,0.69418119232316,"2,1"
"523","Secondary.Effluent.Flow + NSEC.Effluent.NO3 + NSEC.Effluent.NO5",0.108634089766159,0.622698628840835,"2,1"
"524","Secondary.Effluent.Flow + NSEC.Effluent.NO3 + NSEC.Effluent.Flow",0.0891857197269728,0.547493696724271,"2,1"
"525","Secondary.Effluent.Flow + NSEC.Effluent.OP + NSEC.Effluent.TSS",0.0771793740566621,0.558896868539924,"2,1"
"526","Secondary.Effluent.Flow + NSEC.Effluent.OP + NSEC.Effluent.NO5",0.0771106806755492,0.557951916431305,"2,1"
"527","Secondary.Effluent.Flow + NSEC.Effluent.OP + NSEC.Effluent.Flow",0.0894511177600995,0.614889705253176,"2,1"
"528","Secondary.Effluent.Flow + NSEC.Effluent.TSS + NSEC.Effluent.NO5",0.254922882348127,0.693353565621368,"2,1"
"529","Secondary.Effluent.Flow + NSEC.Effluent.TSS + NSEC.Effluent.Flow",0.145543292641199,0.697213677262827,"2,1"
"530","Secondary.Effluent.Flow + NSEC.Effluent.NO5 + NSEC.Effluent.Flow",0.0645278107322383,0.56915826809828,"2,1"
"531","N..Basin.Outfall + CODto..mg.L. + TSS..mg.L.",0.062066119173919,0.693416319288568,"2,1"
"532","N..Basin.Outfall + CODto..mg.L. + UVT....",0.122554918549084,0.636624301011294,"2,1"
"533","N..Basin.Outfall + CODto..mg.L. + CODds..mg.L.",0.105797578394962,0.612536580956491,"2,1"
"534","N..Basin.Outfall + CODto..mg.L. + SACto..1.m.",0.506761070555444,0.367859426911917,"2,1"
"535","N..Basin.Outfall + CODto..mg.L. + NSEC.Aerobic.SRT",0.0858343208816515,0.636843612940099,"2,1"
"536","N..Basin.Outfall + CODto..mg.L. + NSEC.Effluent.NH3",0.0813988542416314,0.626237076838437,"2,1"
"537","N..Basin.Outfall + CODto..mg.L. + NSEC.Effluent.NO3",0.0883154203297136,0.623839176335743,"2,1"
"538","N..Basin.Outfall + CODto..mg.L. + NSEC.Effluent.OP",0.101058260200415,0.680781150378073,"2,1"
"539","N..Basin.Outfall + CODto..mg.L. + NSEC.Effluent.TSS",0.141303708974359,0.689574724627684,"2,1"
"540","N..Basin.Outfall + CODto..mg.L. + NSEC.Effluent.NO5",0.0870048589868011,0.641425227480645,"2,1"
"541","N..Basin.Outfall + CODto..mg.L. + NSEC.Effluent.Flow",0.0812036164839047,0.643821213982307,"2,1"
"542","N..Basin.Outfall + TSS..mg.L. + UVT....",0.106839180674854,0.645399547599906,"2,1"
"543","N..Basin.Outfall + TSS..mg.L. + CODds..mg.L.",0.0917833126931372,0.607711509498097,"2,1"
"544","N..Basin.Outfall + TSS..mg.L. + SACto..1.m.",0.114778429575349,0.610608506133285,"2,1"
"545","N..Basin.Outfall + TSS..mg.L. + NSEC.Aerobic.SRT",0.0775851393581672,0.599576539918168,"2,1"
"546","N..Basin.Outfall + TSS..mg.L. + NSEC.Effluent.NH3",0.0843944017173547,0.595969262082363,"2,1"
"547","N..Basin.Outfall + TSS..mg.L. + NSEC.Effluent.NO3",0.0732581177675151,0.612466981535749,"2,1"
"548","N..Basin.Outfall + TSS..mg.L. + NSEC.Effluent.OP",0.0722867936132685,0.668219191325177,"2,1"
"549","N..Basin.Outfall + TSS..mg.L. + NSEC.Effluent.TSS",0.0904852580814749,0.600540434749748,"2,1"
"550","N..Basin.Outfall + TSS..mg.L. + NSEC.Effluent.NO5",0.0788326458202288,0.595738503916057,"2,1"
"551","N..Basin.Outfall + TSS..mg.L. + NSEC.Effluent.Flow",0.0593948715815525,0.610985965338999,"2,1"
"552","N..Basin.Outfall + UVT.... + CODds..mg.L.",0.109131575802109,0.691060221246281,"2,1"
"553","N..Basin.Outfall + UVT.... + SACto..1.m.",0.0922666088212935,0.645676173073146,"2,1"
"554","N..Basin.Outfall + UVT.... + NSEC.Aerobic.SRT",0.337082098206116,0.690348901731089,"2,1"
"555","N..Basin.Outfall + UVT.... + NSEC.Effluent.NH3",0.217995391264718,0.614375362112071,"2,1"
"556","N..Basin.Outfall + UVT.... + NSEC.Effluent.NO3",0.103674024120824,0.654934622979916,"2,1"
"557","N..Basin.Outfall + UVT.... + NSEC.Effluent.OP",0.116361437331521,0.701965640370872,"2,1"
"558","N..Basin.Outfall + UVT.... + NSEC.Effluent.TSS",0.23010873460367,0.723473426167172,"2,1"
"559","N..Basin.Outfall + UVT.... + NSEC.Effluent.NO5",0.217405390559036,0.613716545824789,"2,1"
"560","N..Basin.Outfall + UVT.... + NSEC.Effluent.Flow",0.0630131913601804,0.659525565106106,"2,1"
"561","N..Basin.Outfall + CODds..mg.L. + SACto..1.m.",0.10717982075745,0.689344128785681,"2,1"
"562","N..Basin.Outfall + CODds..mg.L. + NSEC.Aerobic.SRT",0.130491862447436,0.695150483033473,"2,1"
"563","N..Basin.Outfall + CODds..mg.L. + NSEC.Effluent.NH3",0.0365603768798254,0.586418738903745,"2,1"
"564","N..Basin.Outfall + CODds..mg.L. + NSEC.Effluent.NO3",0.0600261848901051,0.57585153373837,"2,1"
"565","N..Basin.Outfall + CODds..mg.L. + NSEC.Effluent.OP",0.0640999813151411,0.56834218681443,"2,1"
"566","N..Basin.Outfall + CODds..mg.L. + NSEC.Effluent.TSS",0.0686866879272501,0.565628524566696,"2,1"
"567","N..Basin.Outfall + CODds..mg.L. + NSEC.Effluent.NO5",0.074557815676063,0.567017106409247,"2,1"
"568","N..Basin.Outfall + CODds..mg.L. + NSEC.Effluent.Flow",0.0460970226386969,0.60877298873439,"2,1"
"569","N..Basin.Outfall + SACto..1.m. + NSEC.Aerobic.SRT",0.14610721384905,0.652960797798451,"2,1"
"570","N..Basin.Outfall + SACto..1.m. + NSEC.Effluent.NH3",0.111774623792947,0.611471100617931,"2,1"
"571","N..Basin.Outfall + SACto..1.m. + NSEC.Effluent.NO3",0.0922793100834799,0.673215050568537,"2,1"
"572","N..Basin.Outfall + SACto..1.m. + NSEC.Effluent.OP",0.0935659485705931,0.683536123803824,"2,1"
"573","N..Basin.Outfall + SACto..1.m. + NSEC.Effluent.TSS",0.507328099023835,0.0170118221382446,"2,1"
"574","N..Basin.Outfall + SACto..1.m. + NSEC.Effluent.NO5",0.0888188824555636,0.660199031688139,"2,1"
"575","N..Basin.Outfall + SACto..1.m. + NSEC.Effluent.Flow",0.0711334744869024,0.665708308194491,"2,1"
"576","N..Basin.Outfall + NSEC.Aerobic.SRT + NSEC.Effluent.NH3",0.345115283323352,0.665973399728267,"2,1"
"577","N..Basin.Outfall + NSEC.Aerobic.SRT + NSEC.Effluent.NO3",0.145693569116234,0.695596393691594,"2,1"
"578","N..Basin.Outfall + NSEC.Aerobic.SRT + NSEC.Effluent.OP",0.0711207854866748,0.697673221559292,"2,1"
"579","N..Basin.Outfall + NSEC.Aerobic.SRT + NSEC.Effluent.TSS",0.169665917340935,0.696303384432993,"2,1"
"580","N..Basin.Outfall + NSEC.Aerobic.SRT + NSEC.Effluent.NO5",0.179882447046377,0.685356151872451,"2,1"
"581","N..Basin.Outfall + NSEC.Aerobic.SRT + NSEC.Effluent.Flow",0.0725039032248709,0.668886216008448,"2,1"
"582","N..Basin.Outfall + NSEC.Effluent.NH3 + NSEC.Effluent.NO3",0.0734317442758668,0.569698236233464,"2,1"
"583","N..Basin.Outfall + NSEC.Effluent.NH3 + NSEC.Effluent.OP",0.0225383019308193,0.560284884354927,"2,1"
"584","N..Basin.Outfall + NSEC.Effluent.NH3 + NSEC.Effluent.TSS",0.0600724488278943,0.665657810662548,"2,1"
"585","N..Basin.Outfall + NSEC.Effluent.NH3 + NSEC.Effluent.NO5",0.0407090230670882,0.561327636500266,"2,1"
"586","N..Basin.Outfall + NSEC.Effluent.NH3 + NSEC.Effluent.Flow",0.0472956562965584,0.585051658946202,"2,1"
"587","N..Basin.Outfall + NSEC.Effluent.NO3 + NSEC.Effluent.OP",0.0732592201578959,0.564502254754951,"2,1"
"588","N..Basin.Outfall + NSEC.Effluent.NO3 + NSEC.Effluent.TSS",0.041954824000702,0.574018074595742,"2,1"
"589","N..Basin.Outfall + NSEC.Effluent.NO3 + NSEC.Effluent.NO5",0.148905583929283,0.659128702606617,"2,1"
"590","N..Basin.Outfall + NSEC.Effluent.NO3 + NSEC.Effluent.Flow",0.0557521442686648,0.575914566181202,"2,1"
"591","N..Basin.Outfall + NSEC.Effluent.OP + NSEC.Effluent.TSS",0.0878361128988804,0.733038840214957,"2,1"
"592","N..Basin.Outfall + NSEC.Effluent.OP + NSEC.Effluent.NO5",0.0781780229930003,0.564215346572101,"2,1"
"593","N..Basin.Outfall + NSEC.Effluent.OP + NSEC.Effluent.Flow",0.0747824825361661,0.577088559607363,"2,1"
"594","N..Basin.Outfall + NSEC.Effluent.TSS + NSEC.Effluent.NO5",0.0826270334238404,0.671329723380267,"2,1"
"595","N..Basin.Outfall + NSEC.Effluent.TSS + NSEC.Effluent.Flow",0.109604683577117,0.712560149919778,"2,1"
"596","N..Basin.Outfall + NSEC.Effluent.NO5 + NSEC.Effluent.Flow",0.0307402515790151,0.588255353250128,"2,1"
"597","CODto..mg.L. + TSS..mg.L. + UVT....",0.575899122735867,0.0368725233744475,"2,1"
"598","CODto..mg.L. + TSS..mg.L. + CODds..mg.L.",0.570522933476241,0.0264783765885495,"2,1"
"599","CODto..mg.L. + TSS..mg.L. + SACto..1.m.",0.615109684065423,0.0347644373628363,"2,1"
"600","CODto..mg.L. + TSS..mg.L. + NSEC.Aerobic.SRT",0.618237639746216,0.158037645394182,"2,1"
"601","CODto..mg.L. + TSS..mg.L. + NSEC.Effluent.NH3",0.640257058260968,0.206499442655996,"2,1"
"602","CODto..mg.L. + TSS..mg.L. + NSEC.Effluent.NO3",0.487114710588294,0.173249047733772,"2,1"
"603","CODto..mg.L. + TSS..mg.L. + NSEC.Effluent.OP",0.570701262913714,0.1266746842164,"2,1"
"604","CODto..mg.L. + TSS..mg.L. + NSEC.Effluent.TSS",0.572592721977622,0.0467771249505503,"2,1"
"605","CODto..mg.L. + TSS..mg.L. + NSEC.Effluent.NO5",0.422096238587741,0.178752329680047,"2,1"
"606","CODto..mg.L. + TSS..mg.L. + NSEC.Effluent.Flow",0.169554187748428,0.510763136387199,"2,1"
"607","CODto..mg.L. + UVT.... + CODds..mg.L.",0.587906463430901,0.0418275012613298,"2,1"
"608","CODto..mg.L. + UVT.... + SACto..1.m.",0.607789152355526,0.0325702592657149,"2,1"
"609","CODto..mg.L. + UVT.... + NSEC.Aerobic.SRT",0.567997869219711,0.0623134761087149,"2,1"
"610","CODto..mg.L. + UVT.... + NSEC.Effluent.NH3",0.62707344895843,0.0729644376569066,"2,1"
"611","CODto..mg.L. + UVT.... + NSEC.Effluent.NO3",0.513131370257072,0.174785777885038,"2,1"
"612","CODto..mg.L. + UVT.... + NSEC.Effluent.OP",0.570143246419164,0.218101614313018,"2,1"
"613","CODto..mg.L. + UVT.... + NSEC.Effluent.TSS",0.681276952917062,0.163043384638012,"2,1"
"614","CODto..mg.L. + UVT.... + NSEC.Effluent.NO5",0.529236528225663,0.139258110897011,"2,1"
"615","CODto..mg.L. + UVT.... + NSEC.Effluent.Flow",0.275293764239897,0.510711412512477,"2,1"
"616","CODto..mg.L. + CODds..mg.L. + SACto..1.m.",0.617234504798137,0.0514672283654871,"2,1"
"617","CODto..mg.L. + CODds..mg.L. + NSEC.Aerobic.SRT",0.617501713764752,0.179027616314053,"2,1"
"618","CODto..mg.L. + CODds..mg.L. + NSEC.Effluent.NH3",0.66140280980087,0.101860989551803,"2,1"
"619","CODto..mg.L. + CODds..mg.L. + NSEC.Effluent.NO3",0.534672240762234,0.228172873029729,"2,1"
"620","CODto..mg.L. + CODds..mg.L. + NSEC.Effluent.OP",0.580892061812283,0.142905463718377,"2,1"
"621","CODto..mg.L. + CODds..mg.L. + NSEC.Effluent.TSS",0.614398886500819,0.161347773948755,"2,1"
"622","CODto..mg.L. + CODds..mg.L. + NSEC.Effluent.NO5",0.515616660161976,0.198329340925667,"2,1"
"623","CODto..mg.L. + CODds..mg.L. + NSEC.Effluent.Flow",0.187757911410394,0.51064904279181,"2,1"
"624","CODto..mg.L. + SACto..1.m. + NSEC.Aerobic.SRT",0.751356487251386,0.264281068458144,"2,1"
"625","CODto..mg.L. + SACto..1.m. + NSEC.Effluent.NH3",0.640719975843801,0.0702846206374753,"2,1"
"626","CODto..mg.L. + SACto..1.m. + NSEC.Effluent.NO3",0.506641819555684,0.0158536832992958,"2,1"
"627","CODto..mg.L. + SACto..1.m. + NSEC.Effluent.OP",0.507066602775749,0.0491201724866726,"2,1"
"628","CODto..mg.L. + SACto..1.m. + NSEC.Effluent.TSS",0.881036381762808,0.225845251329673,"2,1"
"629","CODto..mg.L. + SACto..1.m. + NSEC.Effluent.NO5",0.491597962366988,0.141221803419777,"2,1"
"630","CODto..mg.L. + SACto..1.m. + NSEC.Effluent.Flow",0.206356431605218,0.508200782574896,"2,1"
"631","CODto..mg.L. + NSEC.Aerobic.SRT + NSEC.Effluent.NH3",0.648381740025591,0.179804208127977,"2,1"
"632","CODto..mg.L. + NSEC.Aerobic.SRT + NSEC.Effluent.NO3",0.661756797146471,0.336611817535698,"2,1"
"633","CODto..mg.L. + NSEC.Aerobic.SRT + NSEC.Effluent.OP",0.616053446886231,0.147252852201545,"2,1"
"634","CODto..mg.L. + NSEC.Aerobic.SRT + NSEC.Effluent.TSS",0.539599697799965,0.0594482288957649,"2,1"
"635","CODto..mg.L. + NSEC.Aerobic.SRT + NSEC.Effluent.NO5",0.50653630056088,0.00203238809898341,"2,1"
"636","CODto..mg.L. + NSEC.Aerobic.SRT + NSEC.Effluent.Flow",0.290614027605661,0.59752189895605,"2,1"
"637","CODto..mg.L. + NSEC.Effluent.NH3 + NSEC.Effluent.NO3",0.498001309903847,0.175204164238006,"2,1"
"638","CODto..mg.L. + NSEC.Effluent.NH3 + NSEC.Effluent.OP",0.509806017267272,0.0313649429774552,"2,1"
"639","CODto..mg.L. + NSEC.Effluent.NH3 + NSEC.Effluent.TSS",0.668853052869686,0.121774955062143,"2,1"
"640","CODto..mg.L. + NSEC.Effluent.NH3 + NSEC.Effluent.NO5",0.498737347374856,0.144059594284546,"2,1"
"641","CODto..mg.L. + NSEC.Effluent.NH3 + NSEC.Effluent.Flow",0.149779474824103,0.52903455026421,"2,1"
"642","CODto..mg.L. + NSEC.Effluent.NO3 + NSEC.Effluent.OP",0.544449392493387,0.159068643159352,"2,1"
"643","CODto..mg.L. + NSEC.Effluent.NO3 + NSEC.Effluent.TSS",0.596633541291065,0.209411506794229,"2,1"
"644","CODto..mg.L. + NSEC.Effluent.NO3 + NSEC.Effluent.NO5",0.512065554083702,0.331349781635773,"2,1"
"645","CODto..mg.L. + NSEC.Effluent.NO3 + NSEC.Effluent.Flow",0.506387473695823,0.00659244555549347,"2,1"
"646","CODto..mg.L. + NSEC.Effluent.OP + NSEC.Effluent.TSS",0.638500656438888,0.282168186949103,"2,1"
"647","CODto..mg.L. + NSEC.Effluent.OP + NSEC.Effluent.NO5",0.506885730051815,0.00333821786716801,"2,1"
"648","CODto..mg.L. + NSEC.Effluent.OP + NSEC.Effluent.Flow",0.137382119687871,0.564626366727212,"2,1"
"649","CODto..mg.L. + NSEC.Effluent.TSS + NSEC.Effluent.NO5",0.47745569545858,0.278820572712305,"2,1"
"650","CODto..mg.L. + NSEC.Effluent.TSS + NSEC.Effluent.Flow",0.367557143561308,0.596222641207162,"2,1"
"651","CODto..mg.L. + NSEC.Effluent.NO5 + NSEC.Effluent.Flow",0.147769241920391,0.538995909650951,"2,1"
"652","TSS..mg.L. + UVT.... + CODds..mg.L.",0.647452701448229,0.0367849746073741,"2,1"
"653","TSS..mg.L. + UVT.... + SACto..1.m.",0.577444920158003,0.0344359698629404,"2,1"
"654","TSS..mg.L. + UVT.... + NSEC.Aerobic.SRT",0.507299579827612,0.0366629824509414,"2,1"
"655","TSS..mg.L. + UVT.... + NSEC.Effluent.NH3",0.632957039189906,0.0692696637613921,"2,1"
"656","TSS..mg.L. + UVT.... + NSEC.Effluent.NO3",0.535653504286454,0.169218858787301,"2,1"
"657","TSS..mg.L. + UVT.... + NSEC.Effluent.OP",0.576301075967041,0.223917970643529,"2,1"
"658","TSS..mg.L. + UVT.... + NSEC.Effluent.TSS",0.892552101261537,0.259688416237195,"2,1"
"659","TSS..mg.L. + UVT.... + NSEC.Effluent.NO5",0.472414194809072,0.177138595863754,"2,1"
"660","TSS..mg.L. + UVT.... + NSEC.Effluent.Flow",0.181740107726627,0.526320029291497,"2,1"
"661","TSS..mg.L. + CODds..mg.L. + SACto..1.m.",0.640304714598018,0.0486288642387424,"2,1"
"662","TSS..mg.L. + CODds..mg.L. + NSEC.Aerobic.SRT",0.786705520162222,0.220065371874183,"2,1"
"663","TSS..mg.L. + CODds..mg.L. + NSEC.Effluent.NH3",0.645684046691959,0.0917285015656182,"2,1"
"664","TSS..mg.L. + CODds..mg.L. + NSEC.Effluent.NO3",0.518671369895526,0.217472505909735,"2,1"
"665","TSS..mg.L. + CODds..mg.L. + NSEC.Effluent.OP",0.599612415649475,0.174327730080131,"2,1"
"666","TSS..mg.L. + CODds..mg.L. + NSEC.Effluent.TSS",0.736336842973944,0.0981316886608467,"2,1"
"667","TSS..mg.L. + CODds..mg.L. + NSEC.Effluent.NO5",0.514337957569875,0.188173072311596,"2,1"
"668","TSS..mg.L. + CODds..mg.L. + NSEC.Effluent.Flow",0.160759691681538,0.514719377066831,"2,1"
"669","TSS..mg.L. + SACto..1.m. + NSEC.Aerobic.SRT",0.609661489355189,0.0957542919810119,"2,1"
"670","TSS..mg.L. + SACto..1.m. + NSEC.Effluent.NH3",0.622573178783575,0.237091834526313,"2,1"
"671","TSS..mg.L. + SACto..1.m. + NSEC.Effluent.NO3",0.493170065785022,0.182709586049765,"2,1"
"672","TSS..mg.L. + SACto..1.m. + NSEC.Effluent.OP",0.562578966028764,0.1715048064175,"2,1"
"673","TSS..mg.L. + SACto..1.m. + NSEC.Effluent.TSS",0.852056304865241,0.255328967468843,"2,1"
"674","TSS..mg.L. + SACto..1.m. + NSEC.Effluent.NO5",0.507945224967244,0.145762661204562,"2,1"
"675","TSS..mg.L. + SACto..1.m. + NSEC.Effluent.Flow",0.15759899509052,0.516085808610558,"2,1"
"676","TSS..mg.L. + NSEC.Aerobic.SRT + NSEC.Effluent.NH3",0.5065838471957,0.00098420486236779,"2,1"
"677","TSS..mg.L. + NSEC.Aerobic.SRT + NSEC.Effluent.NO3",0.418401979408702,0.265721869055192,"2,1"
"678","TSS..mg.L. + NSEC.Aerobic.SRT + NSEC.Effluent.OP",0.507296875110285,0.0148533680982691,"2,1"
"679","TSS..mg.L. + NSEC.Aerobic.SRT + NSEC.Effluent.TSS",0.506423334799652,0.0302149606279306,"2,1"
"680","TSS..mg.L. + NSEC.Aerobic.SRT + NSEC.Effluent.NO5",0.557150119474235,0.212716473369346,"2,1"
"681","TSS..mg.L. + NSEC.Aerobic.SRT + NSEC.Effluent.Flow",0.506521205893433,0.0455433055910907,"2,1"
"682","TSS..mg.L. + NSEC.Effluent.NH3 + NSEC.Effluent.NO3",0.475655624455272,0.161552890369227,"2,1"
"683","TSS..mg.L. + NSEC.Effluent.NH3 + NSEC.Effluent.OP",0.647702907438725,0.344936373270329,"2,1"
"684","TSS..mg.L. + NSEC.Effluent.NH3 + NSEC.Effluent.TSS",0.588377370387414,0.207797299821368,"2,1"
"685","TSS..mg.L. + NSEC.Effluent.NH3 + NSEC.Effluent.NO5",0.408543304941678,0.142096517543602,"2,1"
"686","TSS..mg.L. + NSEC.Effluent.NH3 + NSEC.Effluent.Flow",0.11312099172308,0.534145844019215,"2,1"
"687","TSS..mg.L. + NSEC.Effluent.NO3 + NSEC.Effluent.OP",0.507644647161775,0.00381373712394263,"2,1"
"688","TSS..mg.L. + NSEC.Effluent.NO3 + NSEC.Effluent.TSS",0.500297229068762,0.171114327743361,"2,1"
"689","TSS..mg.L. + NSEC.Effluent.NO3 + NSEC.Effluent.NO5",0.418685176709651,0.308574649020888,"2,1"
"690","TSS..mg.L. + NSEC.Effluent.NO3 + NSEC.Effluent.Flow",0.143691089616654,0.559292552663517,"2,1"
"691","TSS..mg.L. + NSEC.Effluent.OP + NSEC.Effluent.TSS",0.602861927529946,0.189480760783899,"2,1"
"692","TSS..mg.L. + NSEC.Effluent.OP + NSEC.Effluent.NO5",0.389344137950175,0.185918641368698,"2,1"
"693","TSS..mg.L. + NSEC.Effluent.OP + NSEC.Effluent.Flow",0.160203020246516,0.507010286745614,"2,1"
"694","TSS..mg.L. + NSEC.Effluent.TSS + NSEC.Effluent.NO5",0.452666095577981,0.134000345732688,"2,1"
"695","TSS..mg.L. + NSEC.Effluent.TSS + NSEC.Effluent.Flow",0.161882366667222,0.539759321728602,"2,1"
"696","TSS..mg.L. + NSEC.Effluent.NO5 + NSEC.Effluent.Flow",0.135822113938283,0.534532955704066,"2,1"
"697","UVT.... + CODds..mg.L. + SACto..1.m.",0.506483600899144,0.0350708625016698,"2,1"
"698","UVT.... + CODds..mg.L. + NSEC.Aerobic.SRT",0.518295563732032,0.0109598646447169,"2,1"
"699","UVT.... + CODds..mg.L. + NSEC.Effluent.NH3",0.507790981353425,0.0645451464073936,"2,1"
"700","UVT.... + CODds..mg.L. + NSEC.Effluent.NO3",0.563353068345048,0.195865647993279,"2,1"
"701","UVT.... + CODds..mg.L. + NSEC.Effluent.OP",0.59472428867995,0.171313733419936,"2,1"
"702","UVT.... + CODds..mg.L. + NSEC.Effluent.TSS",0.557411762332731,0.317861798371708,"2,1"
"703","UVT.... + CODds..mg.L. + NSEC.Effluent.NO5",0.499447052571424,0.206509730612236,"2,1"
"704","UVT.... + CODds..mg.L. + NSEC.Effluent.Flow",0.371096036337692,0.512352116675578,"2,1"
"705","UVT.... + SACto..1.m. + NSEC.Aerobic.SRT",0.63294773624972,0.0664340496357569,"2,1"
"706","UVT.... + SACto..1.m. + NSEC.Effluent.NH3",0.508181743045256,0.0272750833881608,"2,1"
"707","UVT.... + SACto..1.m. + NSEC.Effluent.NO3",0.500818079493876,0.179928232255671,"2,1"
"708","UVT.... + SACto..1.m. + NSEC.Effluent.OP",0.507194833852372,0.0183418614472783,"2,1"
"709","UVT.... + SACto..1.m. + NSEC.Effluent.TSS",0.746316008847751,0.160991775961415,"2,1"
"710","UVT.... + SACto..1.m. + NSEC.Effluent.NO5",0.48922702699524,0.172441253285681,"2,1"
"711","UVT.... + SACto..1.m. + NSEC.Effluent.Flow",0.216653085703967,0.53350007903785,"2,1"
"712","UVT.... + NSEC.Aerobic.SRT + NSEC.Effluent.NH3",0.626847612499183,0.0721666053408863,"2,1"
"713","UVT.... + NSEC.Aerobic.SRT + NSEC.Effluent.NO3",0.53878899457192,0.316909798496897,"2,1"
"714","UVT.... + NSEC.Aerobic.SRT + NSEC.Effluent.OP",0.606979775126542,0.154376782467225,"2,1"
"715","UVT.... + NSEC.Aerobic.SRT + NSEC.Effluent.TSS",0.380387635242896,0.280229274520629,"2,1"
"716","UVT.... + NSEC.Aerobic.SRT + NSEC.Effluent.NO5",0.507666155488392,0.286772837907349,"2,1"
"717","UVT.... + NSEC.Aerobic.SRT + NSEC.Effluent.Flow",0.48737766890608,0.655724671602342,"2,1"
"718","UVT.... + NSEC.Effluent.NH3 + NSEC.Effluent.NO3",0.558898245364239,0.188445778704489,"2,1"
"719","UVT.... + NSEC.Effluent.NH3 + NSEC.Effluent.OP",0.686704367096302,0.102019617943327,"2,1"
"720","UVT.... + NSEC.Effluent.NH3 + NSEC.Effluent.TSS",0.766875229606983,0.153052931658817,"2,1"
"721","UVT.... + NSEC.Effluent.NH3 + NSEC.Effluent.NO5",0.589970144856522,0.30167753498551,"2,1"
"722","UVT.... + NSEC.Effluent.NH3 + NSEC.Effluent.Flow",0.324543447352241,0.53858364732243,"2,1"
"723","UVT.... + NSEC.Effluent.NO3 + NSEC.Effluent.OP",0.67084306031925,0.168229350553034,"2,1"
"724","UVT.... + NSEC.Effluent.NO3 + NSEC.Effluent.TSS",0.650851459766427,0.402416867554719,"2,1"
"725","UVT.... + NSEC.Effluent.NO3 + NSEC.Effluent.NO5",0.536376128343425,0.29533044715667,"2,1"
"726","UVT.... + NSEC.Effluent.NO3 + NSEC.Effluent.Flow",0.27624440659456,0.571808540059178,"2,1"
"727","UVT.... + NSEC.Effluent.OP + NSEC.Effluent.TSS",0.594549948984875,0.250962599659609,"2,1"
"728","UVT.... + NSEC.Effluent.OP + NSEC.Effluent.NO5",0.618956920979745,0.159397092745551,"2,1"
"729","UVT.... + NSEC.Effluent.OP + NSEC.Effluent.Flow",0.287972518129132,0.506426835386483,"2,1"
"730","UVT.... + NSEC.Effluent.TSS + NSEC.Effluent.NO5",0.665481710866311,0.29203493178629,"2,1"
"731","UVT.... + NSEC.Effluent.TSS + NSEC.Effluent.Flow",0.422792632538077,0.578836100397786,"2,1"
"732","UVT.... + NSEC.Effluent.NO5 + NSEC.Effluent.Flow",0.276951782850869,0.605520348940628,"2,1"
"733","CODds..mg.L. + SACto..1.m. + NSEC.Aerobic.SRT",0.80328840688827,0.252779966301967,"2,1"
"734","CODds..mg.L. + SACto..1.m. + NSEC.Effluent.NH3",0.592786655311315,0.0673134759942061,"2,1"
"735","CODds..mg.L. + SACto..1.m. + NSEC.Effluent.NO3",0.526200730300514,0.225907198018742,"2,1"
"736","CODds..mg.L. + SACto..1.m. + NSEC.Effluent.OP",0.596290685078527,0.171316076640643,"2,1"
"737","CODds..mg.L. + SACto..1.m. + NSEC.Effluent.TSS",0.81143561334932,0.140813619719968,"2,1"
"738","CODds..mg.L. + SACto..1.m. + NSEC.Effluent.NO5",0.530843736964059,0.175317023144709,"2,1"
"739","CODds..mg.L. + SACto..1.m. + NSEC.Effluent.Flow",0.506678433514382,0.0547472873117244,"2,1"
"740","CODds..mg.L. + NSEC.Aerobic.SRT + NSEC.Effluent.NH3",0.506524558481353,0.00193127029244922,"2,1"
"741","CODds..mg.L. + NSEC.Aerobic.SRT + NSEC.Effluent.NO3",0.429613024397531,0.299428794032214,"2,1"
"742","CODds..mg.L. + NSEC.Aerobic.SRT + NSEC.Effluent.OP",0.505877229864264,0.0172597917939754,"2,1"
"743","CODds..mg.L. + NSEC.Aerobic.SRT + NSEC.Effluent.TSS",0.539056776452082,0.11093576543367,"2,1"
"744","CODds..mg.L. + NSEC.Aerobic.SRT + NSEC.Effluent.NO5",0.493868138038597,0.227348569104531,"2,1"
"745","CODds..mg.L. + NSEC.Aerobic.SRT + NSEC.Effluent.Flow",0.50716244353195,4.07845255439959e-05,"2,1"
"746","CODds..mg.L. + NSEC.Effluent.NH3 + NSEC.Effluent.NO3",0.380624289587568,0.213063821505499,"2,1"
"747","CODds..mg.L. + NSEC.Effluent.NH3 + NSEC.Effluent.OP",0.571225381878547,0.343792388578462,"2,1"
"748","CODds..mg.L. + NSEC.Effluent.NH3 + NSEC.Effluent.TSS",0.471805441508412,0.0921480598625309,"2,1"
"749","CODds..mg.L. + NSEC.Effluent.NH3 + NSEC.Effluent.NO5",0.506231613042072,0.056786350223852,"2,1"
"750","CODds..mg.L. + NSEC.Effluent.NH3 + NSEC.Effluent.Flow",0.107972783209478,0.456277266036799,"2,1"
"751","CODds..mg.L. + NSEC.Effluent.NO3 + NSEC.Effluent.OP",0.443093127304503,0.136570395143545,"2,1"
"752","CODds..mg.L. + NSEC.Effluent.NO3 + NSEC.Effluent.TSS",0.359234347859628,0.165784359026516,"2,1"
"753","CODds..mg.L. + NSEC.Effluent.NO3 + NSEC.Effluent.NO5",0.506526370983778,0.00110784286001292,"2,1"
"754","CODds..mg.L. + NSEC.Effluent.NO3 + NSEC.Effluent.Flow",0.111735823856974,0.522851116710621,"2,1"
"755","CODds..mg.L. + NSEC.Effluent.OP + NSEC.Effluent.TSS",0.662024703269051,0.282386137405062,"2,1"
"756","CODds..mg.L. + NSEC.Effluent.OP + NSEC.Effluent.NO5",0.33941824506804,0.180686471014948,"2,1"
"757","CODds..mg.L. + NSEC.Effluent.OP + NSEC.Effluent.Flow",0.0996153582344254,0.468451348215951,"2,1"
"758","CODds..mg.L. + NSEC.Effluent.TSS + NSEC.Effluent.NO5",0.587689840284795,0.271157028875704,"2,1"
"759","CODds..mg.L. + NSEC.Effluent.TSS + NSEC.Effluent.Flow",0.307192657022245,0.643223296264578,"2,1"
"760","CODds..mg.L. + NSEC.Effluent.NO5 + NSEC.Effluent.Flow",0.119152026968188,0.475115034995803,"2,1"
"761","SACto..1.m. + NSEC.Aerobic.SRT + NSEC.Effluent.NH3",0.648944241023482,0.104887810330962,"2,1"
"762","SACto..1.m. + NSEC.Aerobic.SRT + NSEC.Effluent.NO3",0.490606626830513,0.21463316320682,"2,1"
"763","SACto..1.m. + NSEC.Aerobic.SRT + NSEC.Effluent.OP",0.509072806250599,0.0575975156261607,"2,1"
"764","SACto..1.m. + NSEC.Aerobic.SRT + NSEC.Effluent.TSS",0.577718568523292,0.0420218060769084,"2,1"
"765","SACto..1.m. + NSEC.Aerobic.SRT + NSEC.Effluent.NO5",0.528749009176141,0.104280540386558,"2,1"
"766","SACto..1.m. + NSEC.Aerobic.SRT + NSEC.Effluent.Flow",0.506913765261267,0.00521197236456466,"2,1"
"767","SACto..1.m. + NSEC.Effluent.NH3 + NSEC.Effluent.NO3",0.480498222872218,0.185580093472044,"2,1"
"768","SACto..1.m. + NSEC.Effluent.NH3 + NSEC.Effluent.OP",0.627037246748895,0.321013992786714,"2,1"
"769","SACto..1.m. + NSEC.Effluent.NH3 + NSEC.Effluent.TSS",0.650057856265414,0.326204731749122,"2,1"
"770","SACto..1.m. + NSEC.Effluent.NH3 + NSEC.Effluent.NO5",0.463916914641154,0.320833641550622,"2,1"
"771","SACto..1.m. + NSEC.Effluent.NH3 + NSEC.Effluent.Flow",0.119625089487376,0.550720178870633,"2,1"
"772","SACto..1.m. + NSEC.Effluent.NO3 + NSEC.Effluent.OP",0.523980654825605,0.223416939440119,"2,1"
"773","SACto..1.m. + NSEC.Effluent.NO3 + NSEC.Effluent.TSS",0.652046188254516,0.235790591950281,"2,1"
"774","SACto..1.m. + NSEC.Effluent.NO3 + NSEC.Effluent.NO5",0.481066768899747,0.294115914571363,"2,1"
"775","SACto..1.m. + NSEC.Effluent.NO3 + NSEC.Effluent.Flow",0.153148026762205,0.61853411198572,"2,1"
"776","SACto..1.m. + NSEC.Effluent.OP + NSEC.Effluent.TSS",0.631078227727097,0.284235095608941,"2,1"
"777","SACto..1.m. + NSEC.Effluent.OP + NSEC.Effluent.NO5",0.534552675398358,0.126291845680917,"2,1"
"778","SACto..1.m. + NSEC.Effluent.OP + NSEC.Effluent.Flow",0.117832270616914,0.577812327860204,"2,1"
"779","SACto..1.m. + NSEC.Effluent.TSS + NSEC.Effluent.NO5",0.564931037698933,0.205047650038733,"2,1"
"780","SACto..1.m. + NSEC.Effluent.TSS + NSEC.Effluent.Flow",0.368943436412416,0.634931483942739,"2,1"
"781","SACto..1.m. + NSEC.Effluent.NO5 + NSEC.Effluent.Flow",0.220743452043722,0.553106621461652,"2,1"
"782","NSEC.Aerobic.SRT + NSEC.Effluent.NH3 + NSEC.Effluent.NO3",0.37905898481861,0.150695504082085,"2,1"
"783","NSEC.Aerobic.SRT + NSEC.Effluent.NH3 + NSEC.Effluent.OP",0.633120298953456,0.245986271189164,"2,1"
"784","NSEC.Aerobic.SRT + NSEC.Effluent.NH3 + NSEC.Effluent.TSS",0.514370195423152,0.00296249875066393,"2,1"
"785","NSEC.Aerobic.SRT + NSEC.Effluent.NH3 + NSEC.Effluent.NO5",0.506331156039558,0.0792809384877205,"2,1"
"786","NSEC.Aerobic.SRT + NSEC.Effluent.NH3 + NSEC.Effluent.Flow",0.14483639966508,0.62222520467447,"2,1"
"787","NSEC.Aerobic.SRT + NSEC.Effluent.NO3 + NSEC.Effluent.OP",0.427290897509609,0.263830421969397,"2,1"
"788","NSEC.Aerobic.SRT + NSEC.Effluent.NO3 + NSEC.Effluent.TSS",0.327450573275829,0.286175597535004,"2,1"
"789","NSEC.Aerobic.SRT + NSEC.Effluent.NO3 + NSEC.Effluent.NO5",0.386163673388778,0.133763054982771,"2,1"
"790","NSEC.Aerobic.SRT + NSEC.Effluent.NO3 + NSEC.Effluent.Flow",0.348558889856333,0.717570919898787,"2,1"
"791","NSEC.Aerobic.SRT + NSEC.Effluent.OP + NSEC.Effluent.TSS",0.670634355744319,0.244818368811397,"2,1"
"792","NSEC.Aerobic.SRT + NSEC.Effluent.OP + NSEC.Effluent.NO5",0.506856768481871,0.0149534150450955,"2,1"
"793","NSEC.Aerobic.SRT + NSEC.Effluent.OP + NSEC.Effluent.Flow",0.0993783711163548,0.479477770385497,"2,1"
"794","NSEC.Aerobic.SRT + NSEC.Effluent.TSS + NSEC.Effluent.NO5",0.627166639086902,0.265078499727712,"2,1"
"795","NSEC.Aerobic.SRT + NSEC.Effluent.TSS + NSEC.Effluent.Flow",0.0757122310601733,0.468349003688195,"2,1"
"796","NSEC.Aerobic.SRT + NSEC.Effluent.NO5 + NSEC.Effluent.Flow",0.365210094342356,0.662347100827755,"2,1"
"797","NSEC.Effluent.NH3 + NSEC.Effluent.NO3 + NSEC.Effluent.OP",0.358393657648698,0.169049282358285,"2,1"
"798","NSEC.Effluent.NH3 + NSEC.Effluent.NO3 + NSEC.Effluent.TSS",0.383354598736524,0.338009844336048,"2,1"
"799","NSEC.Effluent.NH3 + NSEC.Effluent.NO3 + NSEC.Effluent.NO5",0.505441568005916,0.012872272584091,"2,1"
"800","NSEC.Effluent.NH3 + NSEC.Effluent.NO3 + NSEC.Effluent.Flow",0.106295524121276,0.498657359472136,"2,1"
"801","NSEC.Effluent.NH3 + NSEC.Effluent.OP + NSEC.Effluent.TSS",0.58476461195557,0.308869452392231,"2,1"
"802","NSEC.Effluent.NH3 + NSEC.Effluent.OP + NSEC.Effluent.NO5",0.381213754114022,0.260156050053493,"2,1"
"803","NSEC.Effluent.NH3 + NSEC.Effluent.OP + NSEC.Effluent.Flow",0.114581726840524,0.541756749560081,"2,1"
"804","NSEC.Effluent.NH3 + NSEC.Effluent.TSS + NSEC.Effluent.NO5",0.527595722722997,0.236866536036734,"2,1"
"805","NSEC.Effluent.NH3 + NSEC.Effluent.TSS + NSEC.Effluent.Flow",0.0805226261517674,0.468611932461058,"2,1"
"806","NSEC.Effluent.NH3 + NSEC.Effluent.NO5 + NSEC.Effluent.Flow",0.0859496806749822,0.470497177496993,"2,1"
"807","NSEC.Effluent.NO3 + NSEC.Effluent.OP + NSEC.Effluent.TSS",0.271176999559358,0.312531544000933,"2,1"
"808","NSEC.Effluent.NO3 + NSEC.Effluent.OP + NSEC.Effluent.NO5",0.360297876874702,0.198219483012228,"2,1"
"809","NSEC.Effluent.NO3 + NSEC.Effluent.OP + NSEC.Effluent.Flow",0.0905772588193695,0.515081018478365,"2,1"
"810","NSEC.Effluent.NO3 + NSEC.Effluent.TSS + NSEC.Effluent.NO5",0.567435331170632,0.272350669523747,"2,1"
"811","NSEC.Effluent.NO3 + NSEC.Effluent.TSS + NSEC.Effluent.Flow",0.097353326973149,0.50819133294897,"2,1"
"812","NSEC.Effluent.NO3 + NSEC.Effluent.NO5 + NSEC.Effluent.Flow",0.163922030703475,0.572294722182334,"2,1"
"813","NSEC.Effluent.OP + NSEC.Effluent.TSS + NSEC.Effluent.NO5",0.339863105310167,0.142077952380824,"2,1"
"814","NSEC.Effluent.OP + NSEC.Effluent.TSS + NSEC.Effluent.Flow",0.0818838407514048,0.479448790255491,"2,1"
"815","NSEC.Effluent.OP + NSEC.Effluent.NO5 + NSEC.Effluent.Flow",0.106447847980803,0.548981411890177,"2,1"
"816","NSEC.Effluent.TSS + NSEC.Effluent.NO5 + NSEC.Effluent.Flow",0.0934500988527467,0.481943149654942,"2,1"
